<?xml version="1.0" encoding="UTF-8" standalone="yes"?>
<wn_sk recurso="Spanish Wordnet 3.0" version="1.0" creacion="Tue, 21 Dec 2010 18:55:45 +0100">
 <row id="246" sk="abhorrence%1:12:00::" locator="07401317" spa_v="" spa_n="matriculado" spa_a=""/>
 <row id="557" sk="accipitridae%1:05:00::" locator="01587026" spa_v="" spa_n="" spa_a="octogenario"/>
 <row id="810" sk="acquired_reflex%1:04:00::" locator="00852075" spa_v="" spa_n="" spa_a="vago"/>
 <row id="844" sk="acrocephalus%1:05:00::" locator="01547388" spa_v="conceder" spa_n="" spa_a=""/>
 <row id="2083" sk="albuterol%1:06:00::" locator="02670626" spa_v="" spa_n="" spa_a="quirúrgico"/>
 <row id="3225" sk="amphibian_family%1:05:00::" locator="01608005" spa_v="indizar" spa_n="" spa_a=""/>
 <row id="3769" sk="anhingidae%1:05:00::" locator="02034305" spa_v="" spa_n="genus_elops" spa_a=""/>
 <row id="3841" sk="anisogamete%1:08:00::" locator="05389592" spa_v="" spa_n="hallazgo" spa_a=""/>
 <row id="4206" sk="antiestablishmentarianism%1:09:00::" locator="05883053" spa_v="" spa_n="bavaria" spa_a=""/>
 <row id="4207" sk="antiestablishmentism%1:09:00::" locator="05883053" spa_v="" spa_n="bavaria" spa_a=""/>
 <row id="4412" sk="apartment_building%1:06:00::" locator="02701233" spa_v="" spa_n="" spa_a="capilar"/>
 <row id="4413" sk="apartment_house%1:06:00::" locator="02701233" spa_v="" spa_n="" spa_a="capilar"/>
 <row id="4422" sk="apennines%1:17:00::" locator="09068899" spa_v="" spa_n="ebenáceas" spa_a=""/>
 <row id="4897" sk="archery%1:04:00::" locator="00442337" spa_v="agruparse" spa_n="" spa_a=""/>
 <row id="5079" sk="argyrotaenia_citrana%1:05:00::" locator="02263333" spa_v="" spa_n="" spa_a="zigomorfo"/>
 <row id="5747" sk="asian_black_grouse%1:05:02::" locator="01776679" spa_v="" spa_n="lepidópteros" spa_a=""/>
 <row id="5756" sk="asian_shamanism%1:09:00::" locator="06162885" spa_v="" spa_n="UNESCO" spa_a=""/>
 <row id="6088" sk="atherinopsis_californiensis%1:05:00::" locator="02578363" spa_v="" spa_n="" spa_a="incestuoso"/>
 <row id="6842" sk="aythya_marila%1:05:00::" locator="01832332" spa_v="" spa_n="" spa_a="penalizado"/>
 <row id="7140" sk="bad_manners%1:07:00::" locator="04859637" spa_v="" spa_n="cédula" spa_a=""/>
 <row id="7386" sk="ballpen%1:06:00::" locator="02756836" spa_v="" spa_n="" spa_a="métrico"/>
 <row id="7388" sk="ballpoint%1:06:00::" locator="02756836" spa_v="" spa_n="" spa_a="métrico"/>
 <row id="7389" sk="ballpoint_pen%1:06:00::" locator="02756836" spa_v="" spa_n="" spa_a="métrico"/>
 <row id="7572" sk="bannock%1:13:00::" locator="07577957" spa_v="" spa_n="cantante" spa_a=""/>
 <row id="7748" sk="baron_alexander_von_humboldt%1:18:00::" locator="10903219" spa_v="" spa_n="anunciación" spa_a=""/>
 <row id="7752" sk="baron_friedrich_heinrich_alexander_von_humboldt%1:18:00::" locator="10903219" spa_v="" spa_n="anunciación" spa_a=""/>
 <row id="7951" sk="basketball_equipment%1:06:00::" locator="02776130" spa_v="" spa_n="" spa_a="placentario"/>
 <row id="8252" sk="bayat%1:10:00::" locator="07128110" spa_v="" spa_n="camarada" spa_a=""/>
 <row id="8547" sk="beer_garden%1:06:00::" locator="02796657" spa_v="" spa_n="" spa_a="arábigo"/>
 <row id="8616" sk="bel_and_the_dragon%1:10:00::" locator="06373343" spa_v="" spa_n="vacío" spa_a=""/>
 <row id="8878" sk="beret%1:06:00::" locator="02804043" spa_v="" spa_n="" spa_a="carmelita"/>
 <row id="9513" sk="biro%1:06:00::" locator="02756836" spa_v="" spa_n="" spa_a="métrico"/>
 <row id="9626" sk="bitthead%1:06:00::" locator="02818329" spa_v="" spa_n="" spa_a="guatemalteco"/>
 <row id="10427" sk="body_louse%1:05:00::" locator="02163421" spa_v="" spa_n="módem_acústico" spa_a=""/>
 <row id="11246" sk="branch_water%1:13:00::" locator="07828438" spa_v="" spa_n="radiación" spa_a=""/>
 <row id="11264" sk="brand-name_drug%1:06:00::" locator="02863425" spa_v="" spa_n="" spa_a="uvular"/>
 <row id="11513" sk="bridal_gown%1:06:00::" locator="02870444" spa_v="" spa_n="" spa_a="himeneo"/>
 <row id="11912" sk="brutus%1:18:00::" locator="10707603" spa_v="" spa_n="yoduro" spa_a=""/>
 <row id="12792" sk="caiman_lizard%1:05:00::" locator="01668941" spa_v="" spa_n="" spa_a="venidero"/>
 <row id="12863" sk="calcimine%1:06:00::" locator="02909970" spa_v="" spa_n="torno" spa_a=""/>
 <row id="13007" sk="caller-out%1:18:00::" locator="09742899" spa_v="" spa_n="aclimatación" spa_a=""/>
 <row id="13015" sk="callimorpha%1:05:00::" locator="02284119" spa_v="" spa_n="" spa_a="ahumado"/>
 <row id="14164" sk="caretta_caretta%1:05:00::" locator="01645802" spa_v="" spa_n="hemigalus" spa_a=""/>
 <row id="14270" sk="carnosaur%1:05:00::" locator="01695119" spa_v="permanecer_juntos" spa_n="" spa_a=""/>
 <row id="14453" sk="cartridge_ejector%1:06:00::" locator="02944079" spa_v="" spa_n="persiana" spa_a=""/>
 <row id="14543" sk="cash_cow%1:09:00::" locator="05835708" spa_v="" spa_n="alfalfa" spa_a=""/>
 <row id="14821" sk="catoptrophorus_semipalmatus%1:05:00::" locator="02010891" spa_v="" spa_n="" spa_a="oculto"/>
 <row id="15764" sk="characterisic_function%1:10:00::" locator="06905529" spa_v="" spa_n="Dioniso" spa_a=""/>
 <row id="15765" sk="characteristic_curve%1:10:00::" locator="06905529" spa_v="" spa_n="Dioniso" spa_a=""/>
 <row id="17324" sk="civil_wrong%1:04:00::" locator="00722670" spa_v="sacar" spa_n="" spa_a=""/>
 <row id="17383" sk="clangula_hyemalis%1:05:00::" locator="01834629" spa_v="" spa_n="" spa_a="bigenérico"/>
 <row id="17571" sk="clast%1:17:00::" locator="09113455" spa_v="" spa_n="catalpa_speciosa" spa_a=""/>
 <row id="17699" sk="clerkship%1:04:00::" locator="00585093" spa_v="" spa_n="construcción" spa_a=""/>
 <row id="17995" sk="clupea_sprattus%1:05:00::" locator="02510121" spa_v="" spa_n="" spa_a="auroral"/>
 <row id="18050" sk="co-ordinate%1:09:00::" locator="05932861" spa_v="" spa_n="marrasquino" spa_a=""/>
 <row id="18919" sk="common_chord%1:10:00::" locator="06777911" spa_v="" spa_n="termosfera" spa_a=""/>
 <row id="18952" sk="common_front%1:14:00::" locator="08356428" spa_v="" spa_n="genus_calopogon" spa_a=""/>
 <row id="19034" sk="common_scoter%1:05:00::" locator="01834425" spa_v="" spa_n="" spa_a="híbrido"/>
 <row id="19419" sk="conditional_reaction%1:04:00::" locator="00852075" spa_v="" spa_n="" spa_a="vago"/>
 <row id="19420" sk="conditional_reflex%1:04:00::" locator="00852075" spa_v="" spa_n="" spa_a="vago"/>
 <row id="19422" sk="conditional_response%1:04:00::" locator="00852075" spa_v="" spa_n="" spa_a="vago"/>
 <row id="19428" sk="conditioned_reaction%1:04:00::" locator="00852075" spa_v="" spa_n="" spa_a="vago"/>
 <row id="19429" sk="conditioned_reflex%1:04:00::" locator="00852075" spa_v="" spa_n="" spa_a="vago"/>
 <row id="19430" sk="conditioned_response%1:04:00::" locator="00852075" spa_v="" spa_n="" spa_a="vago"/>
 <row id="20011" sk="coordinate%1:09:00::" locator="05932861" spa_v="" spa_n="marrasquino" spa_a=""/>
 <row id="20020" sk="coosa%1:17:00::" locator="09123267" spa_v="" spa_n="genus_calystegia" spa_a=""/>
 <row id="20021" sk="coosa_river%1:17:00::" locator="09123267" spa_v="" spa_n="genus_calystegia" spa_a=""/>
 <row id="20024" sk="cootie%1:05:00::" locator="02163421" spa_v="" spa_n="módem_acústico" spa_a=""/>
 <row id="20779" sk="coup_d'etat%1:04:00::" locator="01130016" spa_v="" spa_n="" spa_a="divino"/>
 <row id="21317" sk="crixivan%1:06:00::" locator="03529295" spa_v="" spa_n="vía_de_tranvía" spa_a=""/>
 <row id="21362" sk="cromorne%1:06:00::" locator="03588786" spa_v="" spa_n="vestuario" spa_a=""/>
 <row id="21551" sk="crumhorn%1:06:00::" locator="03588786" spa_v="" spa_n="vestuario" spa_a=""/>
 <row id="22462" sk="dago%1:18:00::" locator="09575905" spa_v="" spa_n="coste_de_manipulación" spa_a=""/>
 <row id="22635" sk="danger_zone%1:15:00::" locator="08568654" spa_v="" spa_n="genus_castanopsis" spa_a=""/>
 <row id="22751" sk="dart_player%1:18:00::" locator="09843830" spa_v="" spa_n="new_kip" spa_a=""/>
 <row id="23556" sk="demythologisation%1:10:00::" locator="06678257" spa_v="" spa_n="antileptón" spa_a=""/>
 <row id="23557" sk="demythologization%1:10:00::" locator="06678257" spa_v="" spa_n="antileptón" spa_a=""/>
 <row id="23582" sk="dendroica%1:05:00::" locator="01550401" spa_v="derrochar" spa_n="" spa_a=""/>
 <row id="23683" sk="department_of_corrections%1:14:00::" locator="08010340" spa_v="" spa_n="genus_epimedium" spa_a=""/>
 <row id="23701" sk="department_of_music%1:14:00::" locator="08007258" spa_v="" spa_n="genus_cananga" spa_a=""/>
 <row id="23968" sk="detestation%1:12:00::" locator="07401317" spa_v="" spa_n="matriculado" spa_a=""/>
 <row id="24346" sk="diesel_engine%1:06:00::" locator="03160228" spa_v="" spa_n="pórtico" spa_a=""/>
 <row id="24349" sk="diesel_motor%1:06:00::" locator="03160228" spa_v="" spa_n="pórtico" spa_a=""/>
 <row id="24692" sk="direct_support%1:04:00::" locator="00958199" spa_v="aplastar" spa_n="" spa_a=""/>
 <row id="25117" sk="division_schizophyta%1:05:00::" locator="01341193" spa_v="" spa_n="geococcyx" spa_a=""/>
 <row id="25719" sk="doyenne%1:18:00::" locator="09879459" spa_v="" spa_n="mg" spa_a=""/>
 <row id="26176" sk="duck_hunting%1:04:00::" locator="00448715" spa_v="" spa_n="corrección" spa_a=""/>
 <row id="26344" sk="dust_bowl%1:15:00::" locator="08458293" spa_v="" spa_n="genus_eriophorum" spa_a=""/>
 <row id="26355" sk="dustcloth%1:06:00::" locator="03224511" spa_v="" spa_n="réflex" spa_a=""/>
 <row id="26361" sk="dustrag%1:06:00::" locator="03224511" spa_v="" spa_n="réflex" spa_a=""/>
 <row id="26591" sk="earned_run%1:04:00::" locator="00186257" spa_v="" spa_n="trote" spa_a=""/>
 <row id="27143" sk="egg_cell%1:08:00::" locator="05390364" spa_v="" spa_n="admisión" spa_a=""/>
 <row id="27469" sk="electrochemistry%1:09:00::" locator="06010550" spa_v="" spa_n="defensa" spa_a=""/>
 <row id="27854" sk="emile_gaboriau%1:18:00::" locator="10824630" spa_v="" spa_n="vitamina_liposoluble" spa_a=""/>
 <row id="28217" sk="ennervation%1:04:00::" locator="00665118" spa_v="" spa_n="velatorio" spa_a=""/>
 <row id="28290" sk="entity%1:03:00::" locator="00001740" spa_v="respirar" spa_n="entidad" spa_a="competente"/>
 <row id="29779" sk="external-combustion_engine%1:06:00::" locator="03272528" spa_v="" spa_n="samovar" spa_a=""/>
 <row id="30195" sk="family_accipitridae%1:05:00::" locator="01587026" spa_v="" spa_n="" spa_a="octogenario"/>
 <row id="30246" sk="family_anhingidae%1:05:00::" locator="02034305" spa_v="" spa_n="genus_elops" spa_a=""/>
 <row id="30820" sk="family_lymantriidae%1:05:00::" locator="02263808" spa_v="" spa_n="lavabo" spa_a=""/>
 <row id="30970" sk="family_palinuridae%1:05:00::" locator="01964472" spa_v="" spa_n="renacuajo" spa_a=""/>
 <row id="31027" sk="family_physeteridae%1:05:00::" locator="02046986" spa_v="" spa_n="" spa_a="travieso"/>
 <row id="31095" sk="family_pteriidae%1:05:00::" locator="01941810" spa_v="" spa_n="" spa_a="reanimado"/>
 <row id="31184" sk="family_scorpaenidae%1:05:00::" locator="02618194" spa_v="" spa_n="domicilio" spa_a=""/>
 <row id="31221" sk="family_squillidae%1:05:00::" locator="01970242" spa_v="" spa_n="" spa_a="oval"/>
 <row id="31265" sk="family_testudinidae%1:05:00::" locator="01651608" spa_v="" spa_n="genus_choeronycteris" spa_a=""/>
 <row id="31460" sk="farmer-labor_party%1:14:00::" locator="08146551" spa_v="" spa_n="nyctaginia" spa_a=""/>
 <row id="32409" sk="finno-ugrian%1:10:00::" locator="06862378" spa_v="" spa_n="semidiós" spa_a=""/>
 <row id="32410" sk="finno-ugric%1:10:00::" locator="06862378" spa_v="" spa_n="semidiós" spa_a=""/>
 <row id="32453" sk="fire_salamander%1:05:00::" locator="01611815" spa_v="" spa_n="spaniel_inglés" spa_a=""/>
 <row id="33697" sk="fourth_deck%1:06:00::" locator="03813013" spa_v="" spa_n="volatilidad" spa_a=""/>
 <row id="34133" sk="freshener%1:06:00::" locator="03359504" spa_v="" spa_n="bridón" spa_a=""/>
 <row id="34454" sk="full_blood%1:07:00::" locator="04868693" spa_v="" spa_n="papiro" spa_a=""/>
 <row id="34681" sk="gaboriau%1:18:00::" locator="10824630" spa_v="" spa_n="vitamina_liposoluble" spa_a=""/>
 <row id="34974" sk="garbage_collection%1:04:00::" locator="01001825" spa_v="confeccionar" spa_n="" spa_a=""/>
 <row id="34981" sk="garbage_pickup%1:04:00::" locator="01001825" spa_v="confeccionar" spa_n="" spa_a=""/>
 <row id="35599" sk="genus_acrocephalus%1:05:00::" locator="01547388" spa_v="conceder" spa_n="" spa_a=""/>
 <row id="35879" sk="genus_argentinosaurus%1:05:00::" locator="01692604" spa_v="" spa_n="dípteros" spa_a=""/>
 <row id="36142" sk="genus_callimorpha%1:05:00::" locator="02284119" spa_v="" spa_n="" spa_a="ahumado"/>
 <row id="36160" sk="genus_calosoma%1:05:00::" locator="02146361" spa_v="" spa_n="" spa_a="remendado"/>
 <row id="36284" sk="genus_ceratodus%1:05:00::" locator="02493845" spa_v="" spa_n="sistema_de_control" spa_a=""/>
 <row id="36461" sk="genus_colobus%1:05:00::" locator="02466000" spa_v="" spa_n="" spa_a="higrófilo"/>
 <row id="36668" sk="genus_dendroica%1:05:00::" locator="01550401" spa_v="derrochar" spa_n="" spa_a=""/>
 <row id="37276" sk="genus_hypoderma%1:05:00::" locator="02173575" spa_v="" spa_n="compañía_de_aviación" spa_a=""/>
 <row id="37291" sk="genus_icterus%1:05:00::" locator="01554082" spa_v="especular" spa_n="" spa_a=""/>
 <row id="37318" sk="genus_isurus%1:05:00::" locator="01466283" spa_v="" spa_n="" spa_a="metamórfico"/>
 <row id="37377" sk="genus_lagidium%1:05:00::" locator="02345767" spa_v="" spa_n="enceradora" spa_a=""/>
 <row id="37720" sk="genus_microstomus%1:05:00::" locator="02635431" spa_v="" spa_n="" spa_a="lingüístico"/>
 <row id="37886" sk="genus_nucifraga%1:05:00::" locator="01563515" spa_v="perder" spa_n="" spa_a=""/>
 <row id="38177" sk="genus_physalia%1:05:00::" locator="01893348" spa_v="" spa_n="verraco" spa_a=""/>
 <row id="38228" sk="genus_pitta%1:05:00::" locator="01536733" spa_v="" spa_n="genus_arenaria" spa_a=""/>
 <row id="38338" sk="genus_presbytes%1:05:00::" locator="02465571" spa_v="" spa_n="bragueta" spa_a=""/>
 <row id="38345" sk="genus_pristis%1:05:00::" locator="01479580" spa_v="" spa_n="teredo" spa_a=""/>
 <row id="38392" sk="genus_psittacus%1:05:00::" locator="01798530" spa_v="implicar" spa_n="" spa_a=""/>
 <row id="38618" sk="genus_schistosoma%1:05:00::" locator="01907269" spa_v="" spa_n="bisonte" spa_a=""/>
 <row id="39372" sk="georgiana_barrymore%1:18:00::" locator="10673916" spa_v="" spa_n="cristal_de_cuarzo" spa_a=""/>
 <row id="39373" sk="georgiana_emma_barrymore%1:18:00::" locator="10673916" spa_v="" spa_n="cristal_de_cuarzo" spa_a=""/>
 <row id="40471" sk="goose_liver%1:13:00::" locator="07547426" spa_v="" spa_n="ahorrador" spa_a=""/>
 <row id="40942" sk="greaseball%1:18:00::" locator="09575905" spa_v="" spa_n="coste_de_manipulación" spa_a=""/>
 <row id="41047" sk="greater_scaup%1:05:00::" locator="01832332" spa_v="" spa_n="" spa_a="penalizado"/>
 <row id="41266" sk="griffon_vulture%1:05:00::" locator="01598966" spa_v="" spa_n="perro_basset" spa_a=""/>
 <row id="41322" sk="groenendael%1:05:00::" locator="02085027" spa_v="" spa_n="genus_bairdiella" spa_a=""/>
 <row id="41390" sk="ground_roller%1:05:00::" locator="01807603" spa_v="" spa_n="" spa_a="correcto"/>
 <row id="41396" sk="ground_stroke%1:04:00::" locator="00562902" spa_v="" spa_n="sensación" spa_a=""/>
 <row id="41527" sk="guard's_van%1:06:00::" locator="03428010" spa_v="" spa_n="tramo" spa_a=""/>
 <row id="41891" sk="gyps_fulvus%1:05:00::" locator="01598966" spa_v="" spa_n="perro_basset" spa_a=""/>
 <row id="41962" sk="habitual_criminal%1:18:00::" locator="10353855" spa_v="" spa_n="rango_militar" spa_a=""/>
 <row id="42265" sk="halicoeres_bivittatus%1:05:00::" locator="02584463" spa_v="" spa_n="" spa_a="malayo-polinésico"/>
 <row id="42662" sk="harness_horse%1:05:00::" locator="02363899" spa_v="" spa_n="consola" spa_a=""/>
 <row id="42701" sk="harrier_eagle%1:05:00::" locator="01592441" spa_v="" spa_n="odobénidos" spa_a=""/>
 <row id="42866" sk="hayloft%1:06:00::" locator="03462594" spa_v="" spa_n="mantelería" spa_a=""/>
 <row id="43401" sk="heming%1:18:00::" locator="10877003" spa_v="" spa_n="mañana" spa_a=""/>
 <row id="43423" sk="hemminge%1:18:00::" locator="10877003" spa_v="" spa_n="mañana" spa_a=""/>
 <row id="43813" sk="heuristic%1:09:00::" locator="05774945" spa_v="" spa_n="piel" spa_a=""/>
 <row id="43814" sk="heuristic_program%1:09:00::" locator="05774945" spa_v="" spa_n="piel" spa_a=""/>
 <row id="43815" sk="heuristic_rule%1:09:00::" locator="05774945" spa_v="" spa_n="piel" spa_a=""/>
 <row id="43933" sk="high-muck-a-muck%1:18:00::" locator="10023206" spa_v="" spa_n="sinusoide" spa_a=""/>
 <row id="44272" sk="hobbler%1:18:00::" locator="10027152" spa_v="" spa_n="pirámide" spa_a=""/>
 <row id="44356" sk="holdup_man%1:18:00::" locator="10028810" spa_v="" spa_n="tetraedro_regular" spa_a=""/>
 <row id="44816" sk="horse_blanket%1:06:00::" locator="04078070" spa_v="" spa_n="seno_venoso" spa_a=""/>
 <row id="45839" sk="hypoderma%1:05:00::" locator="02173575" spa_v="" spa_n="compañía_de_aviación" spa_a=""/>
 <row id="46153" sk="ido%1:10:00::" locator="06804072" spa_v="" spa_n="Océano_Atlántico" spa_a=""/>
 <row id="46265" sk="ill-breeding%1:07:00::" locator="04859637" spa_v="" spa_n="cédula" spa_a=""/>
 <row id="46465" sk="imperishability%1:07:00::" locator="04995593" spa_v="" spa_n="destino_manifiesto" spa_a=""/>
 <row id="46466" sk="imperishingness%1:07:00::" locator="04995593" spa_v="" spa_n="destino_manifiesto" spa_a=""/>
 <row id="46613" sk="inclined_plane%1:06:00::" locator="03527194" spa_v="" spa_n="rotonda" spa_a=""/>
 <row id="46643" sk="inconsiderateness%1:07:00::" locator="04790597" spa_v="" spa_n="código" spa_a=""/>
 <row id="46644" sk="inconsideration%1:07:00::" locator="04790597" spa_v="" spa_n="código" spa_a=""/>
 <row id="46810" sk="indinavir%1:06:00::" locator="03529295" spa_v="" spa_n="vía_de_tranvía" spa_a=""/>
 <row id="47004" sk="infix_notation%1:10:00::" locator="06722530" spa_v="" spa_n="volcán" spa_a=""/>
 <row id="48091" sk="isospondyli%1:05:00::" locator="02505737" spa_v="" spa_n="" spa_a="asclepiadáceo"/>
 <row id="48121" sk="isurus%1:05:00::" locator="01466283" spa_v="" spa_n="" spa_a="metamórfico"/>
 <row id="48298" sk="jacksmelt%1:05:00::" locator="02578363" spa_v="" spa_n="" spa_a="incestuoso"/>
 <row id="48969" sk="jobholder%1:18:00::" locator="10070121" spa_v="" spa_n="tumulto" spa_a=""/>
 <row id="49087" sk="john_heming%1:18:00::" locator="10877003" spa_v="" spa_n="mañana" spa_a=""/>
 <row id="49088" sk="john_hemminge%1:18:00::" locator="10877003" spa_v="" spa_n="mañana" spa_a=""/>
 <row id="49556" sk="junk_shop%1:06:00::" locator="03566926" spa_v="" spa_n="rulot" spa_a=""/>
 <row id="50335" sk="kipp's_apparatus%1:06:00::" locator="03578790" spa_v="" spa_n="viola" spa_a=""/>
 <row id="50695" sk="krummhorn%1:06:00::" locator="03588786" spa_v="" spa_n="vestuario" spa_a=""/>
 <row id="51054" sk="lagidium%1:05:00::" locator="02345767" spa_v="" spa_n="enceradora" spa_a=""/>
 <row id="51947" sk="leaner%1:04:00::" locator="00102974" spa_v="proporcionar" spa_n="" spa_a=""/>
 <row id="52255" sk="length_of_service%1:07:00::" locator="04992880" spa_v="" spa_n="tope" spa_a=""/>
 <row id="53020" sk="limper%1:18:00::" locator="10027152" spa_v="" spa_n="pirámide" spa_a=""/>
 <row id="53586" sk="loathing%1:12:00::" locator="07401317" spa_v="" spa_n="matriculado" spa_a=""/>
 <row id="53736" sk="loggerhead_turtle%1:05:00::" locator="01645802" spa_v="" spa_n="hemigalus" spa_a=""/>
 <row id="54160" sk="love_handle%1:08:00::" locator="05487183" spa_v="" spa_n="eclipse_anular" spa_a=""/>
 <row id="54628" sk="lymantriidae%1:05:00::" locator="02263808" spa_v="" spa_n="lavabo" spa_a=""/>
 <row id="54699" sk="lyrurus_mlokosiewiczi%1:05:00::" locator="01776679" spa_v="" spa_n="lepidópteros" spa_a=""/>
 <row id="54826" sk="mackerel_shark%1:05:00::" locator="01465825" spa_v="" spa_n="" spa_a="metálico"/>
 <row id="55498" sk="mammal_semnopithecus%1:05:00::" locator="02465571" spa_v="" spa_n="bragueta" spa_a=""/>
 <row id="55871" sk="marcus_junius_brutus%1:18:00::" locator="10707603" spa_v="" spa_n="yoduro" spa_a=""/>
 <row id="56458" sk="math%1:09:00::" locator="05924564" spa_v="" spa_n="amontillado" spa_a=""/>
 <row id="56474" sk="mathematics%1:09:00::" locator="05924564" spa_v="" spa_n="amontillado" spa_a=""/>
 <row id="56479" sk="maths%1:09:00::" locator="05924564" spa_v="" spa_n="amontillado" spa_a=""/>
 <row id="57054" sk="melanitta_nigra%1:05:00::" locator="01834425" spa_v="" spa_n="" spa_a="híbrido"/>
 <row id="57408" sk="mergus_serrator%1:05:00::" locator="01835791" spa_v="" spa_n="" spa_a="mancillado"/>
 <row id="57922" sk="microstomus%1:05:00::" locator="02635431" spa_v="" spa_n="" spa_a="lingüístico"/>
 <row id="58421" sk="minocin%1:06:00::" locator="03729592" spa_v="" spa_n="análogo" spa_a=""/>
 <row id="58422" sk="minocycline%1:06:00::" locator="03729592" spa_v="" spa_n="análogo" spa_a=""/>
 <row id="58948" sk="money-spinner%1:09:00::" locator="05835708" spa_v="" spa_n="alfalfa" spa_a=""/>
 <row id="59188" sk="moon_shell%1:05:00::" locator="01928128" spa_v="" spa_n="odocoileus" spa_a=""/>
 <row id="59198" sk="moonshell%1:05:00::" locator="01928128" spa_v="" spa_n="odocoileus" spa_a=""/>
 <row id="59708" sk="mow%1:06:00::" locator="03462594" spa_v="" spa_n="mantelería" spa_a=""/>
 <row id="59805" sk="muffin%1:13:00::" locator="07584808" spa_v="" spa_n="lirón" spa_a=""/>
 <row id="59816" sk="mugging%1:04:00::" locator="00762511" spa_v="" spa_n="" spa_a="afilado"/>
 <row id="60134" sk="music_department%1:14:00::" locator="08007258" spa_v="" spa_n="genus_cananga" spa_a=""/>
 <row id="60445" sk="myringotomy%1:04:00::" locator="00678057" spa_v="" spa_n="electrificación" spa_a=""/>
 <row id="60543" sk="myxovirus%1:05:00::" locator="01320490" spa_v="ir_en_tren" spa_n="" spa_a=""/>
 <row id="60713" sk="napier's_bones%1:06:00::" locator="03764979" spa_v="" spa_n="etnicidad" spa_a=""/>
 <row id="60714" sk="napier's_rods%1:06:00::" locator="03764979" spa_v="" spa_n="etnicidad" spa_a=""/>
 <row id="60730" sk="napu%1:05:00::" locator="02414033" spa_v="" spa_n="" spa_a="acampanado"/>
 <row id="60736" sk="narcism%1:07:00::" locator="04779895" spa_v="" spa_n="apellido_de_soltera" spa_a=""/>
 <row id="60737" sk="narcissism%1:07:00::" locator="04779895" spa_v="" spa_n="apellido_de_soltera" spa_a=""/>
 <row id="60976" sk="naumachia%1:06:00::" locator="03768738" spa_v="" spa_n="exactitud" spa_a=""/>
 <row id="60977" sk="naumachy%1:06:00::" locator="03768738" spa_v="" spa_n="exactitud" spa_a=""/>
 <row id="61007" sk="naval_officer%1:18:00::" locator="10193175" spa_v="" spa_n="tétanos" spa_a=""/>
 <row id="62130" sk="nocturne%1:10:00::" locator="06950891" spa_v="" spa_n="dirigente" spa_a=""/>
 <row id="62401" sk="north_dakotan%1:18:00::" locator="09602953" spa_v="" spa_n="cotización" spa_a=""/>
 <row id="62661" sk="nucifraga%1:05:00::" locator="01563515" spa_v="perder" spa_n="" spa_a=""/>
 <row id="62836" sk="nuthatch%1:05:00::" locator="01572491" spa_v="" spa_n="" spa_a="contrito"/>
 <row id="62958" sk="oarlock%1:06:00::" locator="03861842" spa_v="" spa_n="mucilaginosidad" spa_a=""/>
 <row id="63233" sk="oedogoniales%1:05:00::" locator="01394180" spa_v="" spa_n="lagorchestes" spa_a=""/>
 <row id="63461" sk="old_squaw%1:05:00::" locator="01834629" spa_v="" spa_n="" spa_a="bigenérico"/>
 <row id="64060" sk="orange_tortrix%1:05:00::" locator="02263333" spa_v="" spa_n="" spa_a="zigomorfo"/>
 <row id="64277" sk="order_isospondyli%1:05:00::" locator="02505737" spa_v="" spa_n="" spa_a="asclepiadáceo"/>
 <row id="64322" sk="order_oedogoniales%1:05:00::" locator="01394180" spa_v="" spa_n="lagorchestes" spa_a=""/>
 <row id="64376" sk="order_proboscidea%1:05:00::" locator="02480324" spa_v="" spa_n="" spa_a="alular"/>
 <row id="64612" sk="orlop%1:06:00::" locator="03813013" spa_v="" spa_n="volatilidad" spa_a=""/>
 <row id="64613" sk="orlop_deck%1:06:00::" locator="03813013" spa_v="" spa_n="volatilidad" spa_a=""/>
 <row id="64704" sk="orthopristis_chrysopterus%1:05:00::" locator="02565697" spa_v="" spa_n="diafragma" spa_a=""/>
 <row id="65174" sk="ovum%1:08:00::" locator="05390364" spa_v="" spa_n="admisión" spa_a=""/>
 <row id="65551" sk="palaestra%1:06:00::" locator="03835047" spa_v="" spa_n="suciedad" spa_a=""/>
 <row id="65622" sk="palestra%1:06:00::" locator="03835047" spa_v="" spa_n="suciedad" spa_a=""/>
 <row id="65635" sk="palinuridae%1:05:00::" locator="01964472" spa_v="" spa_n="renacuajo" spa_a=""/>
 <row id="65988" sk="parachute%1:06:00::" locator="03844696" spa_v="" spa_n="porte" spa_a=""/>
 <row id="66915" sk="pediculus_corporis%1:05:00::" locator="02163421" spa_v="" spa_n="módem_acústico" spa_a=""/>
 <row id="67848" sk="phalaropus_fulicarius%1:05:00::" locator="02017923" spa_v="" spa_n="" spa_a="avalado"/>
 <row id="67906" sk="phase_ii%1:04:00::" locator="00781421" spa_v="" spa_n="abnegación" spa_a=""/>
 <row id="67907" sk="phase_ii_clinical_trial%1:04:00::" locator="00781421" spa_v="" spa_n="abnegación" spa_a=""/>
 <row id="68375" sk="physalia%1:05:00::" locator="01893348" spa_v="" spa_n="verraco" spa_a=""/>
 <row id="68387" sk="physeteridae%1:05:00::" locator="02046986" spa_v="" spa_n="" spa_a="travieso"/>
 <row id="68406" sk="physical_rehabilitation%1:04:00::" locator="00396927" spa_v="" spa_n="" spa_a="radiactivo"/>
 <row id="68407" sk="physical_restoration%1:04:00::" locator="00396927" spa_v="" spa_n="" spa_a="radiactivo"/>
 <row id="68870" sk="pine_spittlebug%1:05:00::" locator="02236984" spa_v="" spa_n="maleta" spa_a=""/>
 <row id="69239" sk="place-kicker%1:18:00::" locator="10280858" spa_v="" spa_n="pasión" spa_a=""/>
 <row id="69252" sk="placekicker%1:18:00::" locator="10280858" spa_v="" spa_n="pasión" spa_a=""/>
 <row id="69594" sk="plebiscite%1:04:00::" locator="00177962" spa_v="atender" spa_n="" spa_a=""/>
 <row id="69638" sk="plethodon_vehiculum%1:05:00::" locator="01618363" spa_v="" spa_n="mastín_tibetano" spa_a=""/>
 <row id="69938" sk="poephila_castanotis%1:05:00::" locator="01526297" spa_v="" spa_n="" spa_a="craso"/>
 <row id="70472" sk="pooh-bah%1:18:00::" locator="10023206" spa_v="" spa_n="sinusoide" spa_a=""/>
 <row id="70486" sk="poor_law%1:10:00::" locator="06452093" spa_v="" spa_n="Ática" spa_a=""/>
 <row id="70871" sk="potato_race%1:11:00::" locator="07361456" spa_v="" spa_n="amada" spa_a=""/>
 <row id="71059" sk="praesidium%1:14:00::" locator="08213268" spa_v="" spa_n="glaucium" spa_a=""/>
 <row id="71302" sk="presbytes%1:05:00::" locator="02465571" spa_v="" spa_n="bragueta" spa_a=""/>
 <row id="71377" sk="presidium%1:14:00::" locator="08213268" spa_v="" spa_n="glaucium" spa_a=""/>
 <row id="71419" sk="presupposition%1:09:00::" locator="05709054" spa_v="" spa_n="pescuezo" spa_a=""/>
 <row id="71444" sk="prevention%1:04:00::" locator="01063016" spa_v="tumbar" spa_n="" spa_a=""/>
 <row id="71621" sk="principle_of_relativity%1:09:00::" locator="05914226" spa_v="" spa_n="malta" spa_a=""/>
 <row id="71676" sk="pristis%1:05:00::" locator="01479580" spa_v="" spa_n="teredo" spa_a=""/>
 <row id="72011" sk="proprietary_drug%1:06:00::" locator="02863425" spa_v="" spa_n="" spa_a="uvular"/>
 <row id="72189" sk="proventil%1:06:00::" locator="02670626" spa_v="" spa_n="" spa_a="quirúrgico"/>
 <row id="72409" sk="psittacosaur%1:05:00::" locator="01686625" spa_v="acreditar" spa_n="" spa_a=""/>
 <row id="72410" sk="psittacosaurus%1:05:00::" locator="01686625" spa_v="acreditar" spa_n="" spa_a=""/>
 <row id="72413" sk="psittacus%1:05:00::" locator="01798530" spa_v="implicar" spa_n="" spa_a=""/>
 <row id="72528" sk="pteriidae%1:05:00::" locator="01941810" spa_v="" spa_n="" spa_a="reanimado"/>
 <row id="73006" sk="putsch%1:04:00::" locator="01130016" spa_v="" spa_n="" spa_a="divino"/>
 <row id="73906" sk="raja_radiata%1:05:00::" locator="01484250" spa_v="" spa_n="genus_architeuthis" spa_a=""/>
 <row id="74365" sk="reality_principle%1:09:00::" locator="05797841" spa_v="" spa_n="papaya" spa_a=""/>
 <row id="74561" sk="red-breasted_merganser%1:05:00::" locator="01835791" spa_v="" spa_n="" spa_a="mancillado"/>
 <row id="74660" sk="red_phalarope%1:05:00::" locator="02017923" spa_v="" spa_n="" spa_a="avalado"/>
 <row id="75176" sk="represser%1:17:00::" locator="09272653" spa_v="" spa_n="genus_dictostylium" spa_a=""/>
 <row id="75177" sk="repressor%1:17:00::" locator="09272653" spa_v="" spa_n="genus_dictostylium" spa_a=""/>
 <row id="75713" sk="rhinoceros_antiquitatis%1:05:00::" locator="02370403" spa_v="" spa_n="" spa_a="ungulado"/>
 <row id="76035" sk="right_fielder%1:18:00::" locator="10232016" spa_v="" spa_n="leucemia_mieloide_crónica" spa_a=""/>
 <row id="76454" sk="rock_opera%1:10:00::" locator="06504738" spa_v="" spa_n="Aberdeen" spa_a=""/>
 <row id="76965" sk="rowlock%1:06:00::" locator="03861842" spa_v="" spa_n="mucilaginosidad" spa_a=""/>
 <row id="77125" sk="ruggedisation%1:04:00::" locator="00817636" spa_v="" spa_n="destitución" spa_a=""/>
 <row id="77126" sk="ruggedization%1:04:00::" locator="00817636" spa_v="" spa_n="destitución" spa_a=""/>
 <row id="77206" sk="running_light%1:06:00::" locator="04165363" spa_v="" spa_n="vena_circunfleja_ilíaca" spa_a=""/>
 <row id="77461" sk="saddle_blanket%1:06:00::" locator="04078070" spa_v="" spa_n="seno_venoso" spa_a=""/>
 <row id="77479" sk="saddlecloth%1:06:00::" locator="04078070" spa_v="" spa_n="seno_venoso" spa_a=""/>
 <row id="77717" sk="salamandra_maculosa%1:05:00::" locator="01611815" spa_v="" spa_n="spaniel_inglés" spa_a=""/>
 <row id="78248" sk="sapodilla_plum%1:13:00::" locator="07658612" spa_v="" spa_n="guía" spa_a=""/>
 <row id="78255" sk="sapota%1:13:00::" locator="07658612" spa_v="" spa_n="guía" spa_a=""/>
 <row id="78807" sk="schistosoma%1:05:00::" locator="01907269" spa_v="" spa_n="bisonte" spa_a=""/>
 <row id="78830" sk="schizophyta%1:05:00::" locator="01341193" spa_v="" spa_n="geococcyx" spa_a=""/>
 <row id="79111" sk="scorpaenidae%1:05:00::" locator="02618194" spa_v="" spa_n="domicilio" spa_a=""/>
 <row id="79197" sk="scrappiness%1:07:00::" locator="04782408" spa_v="" spa_n="título_nobiliario" spa_a=""/>
 <row id="79220" sk="screen_test%1:04:00::" locator="00783240" spa_v="" spa_n="recurso" spa_a=""/>
 <row id="80703" sk="shearing%1:04:00::" locator="00356331" spa_v="" spa_n="marcha_militar" spa_a=""/>
 <row id="81027" sk="shoot-down%1:04:00::" locator="01234701" spa_v="" spa_n="" spa_a="inadvertido"/>
 <row id="81085" sk="short-toed_eagle%1:05:00::" locator="01592441" spa_v="" spa_n="odobénidos" spa_a=""/>
 <row id="81357" sk="sidelight%1:06:00::" locator="04165363" spa_v="" spa_n="vena_circunfleja_ilíaca" spa_a=""/>
 <row id="81450" sk="signal_level%1:07:00::" locator="05038509" spa_v="" spa_n="desdén" spa_a=""/>
 <row id="82152" sk="ski_jump%1:06:00::" locator="04179851" spa_v="" spa_n="vena_gástrica_derecha" spa_a=""/>
 <row id="82438" sk="slippery_dick%1:05:00::" locator="02584463" spa_v="" spa_n="" spa_a="malayo-polinésico"/>
 <row id="82558" sk="smallholder%1:18:00::" locator="10453999" spa_v="" spa_n="plastilina" spa_a=""/>
 <row id="82909" sk="social_democratic_party%1:14:00::" locator="08149711" spa_v="" spa_n="mirabilis" spa_a=""/>
 <row id="83467" sk="sound_hole%1:06:00::" locator="04211604" spa_v="" spa_n="vena_cava_superior" spa_a=""/>
 <row id="83490" sk="sounder%1:06:00::" locator="04211361" spa_v="" spa_n="vena_cava_inferior" spa_a=""/>
 <row id="83776" sk="spare_tire%1:08:00::" locator="05487183" spa_v="" spa_n="eclipse_anular" spa_a=""/>
 <row id="84654" sk="squillidae%1:05:00::" locator="01970242" spa_v="" spa_n="" spa_a="oval"/>
 <row id="84804" sk="staff_of_life%1:13:00::" locator="07574014" spa_v="" spa_n="trampista" spa_a=""/>
 <row id="85131" sk="statistical_distribution%1:09:00::" locator="05658678" spa_v="" spa_n="mazapán" spa_a=""/>
 <row id="85471" sk="stickup_man%1:18:00::" locator="10028810" spa_v="" spa_n="tetraedro_regular" spa_a=""/>
 <row id="86025" sk="striping%1:04:00::" locator="00260318" spa_v="calentarse" spa_n="" spa_a=""/>
 <row id="86084" sk="structural_gene%1:08:00::" locator="05374222" spa_v="" spa_n="ruego" spa_a=""/>
 <row id="86578" sk="subway_token%1:06:00::" locator="04297840" spa_v="" spa_n="hombro" spa_a=""/>
 <row id="86800" sk="sumptuosity%1:07:00::" locator="05085604" spa_v="" spa_n="encarnación" spa_a=""/>
 <row id="88014" sk="take-in%1:04:00::" locator="00745513" spa_v="" spa_n="constricción" spa_a=""/>
 <row id="88588" sk="teacher's_pet%1:18:00::" locator="10534493" spa_v="" spa_n="ribosa" spa_a=""/>
 <row id="89104" sk="terrapene_ornata%1:05:00::" locator="01651097" spa_v="consultar" spa_n="" spa_a=""/>
 <row id="89191" sk="testudinidae%1:05:00::" locator="01651608" spa_v="" spa_n="genus_choeronycteris" spa_a=""/>
 <row id="89489" sk="therapeutic_rehabilitation%1:04:00::" locator="00396927" spa_v="" spa_n="" spa_a="radiactivo"/>
 <row id="89702" sk="thole%1:06:00::" locator="03861842" spa_v="" spa_n="mucilaginosidad" spa_a=""/>
 <row id="89703" sk="tholepin%1:06:00::" locator="03861842" spa_v="" spa_n="mucilaginosidad" spa_a=""/>
 <row id="89798" sk="thorny_skate%1:05:00::" locator="01484250" spa_v="" spa_n="genus_architeuthis" spa_a=""/>
 <row id="90682" sk="tongue_depressor%1:06:00::" locator="04398312" spa_v="" spa_n="factor_decisivo" spa_a=""/>
 <row id="90840" sk="tort%1:04:00::" locator="00722670" spa_v="sacar" spa_n="" spa_a=""/>
 <row id="91007" sk="toy_poodle%1:05:00::" locator="02093002" spa_v="" spa_n="barracuda" spa_a=""/>
 <row id="91148" sk="tragulus_javanicus%1:05:00::" locator="02414033" spa_v="" spa_n="" spa_a="acampanado"/>
 <row id="91285" sk="transplanter%1:18:00::" locator="10565204" spa_v="" spa_n="ptialina" spa_a=""/>
 <row id="91297" sk="transshipment_center%1:15:00::" locator="08517232" spa_v="" spa_n="hortaliza" spa_a=""/>
 <row id="91340" sk="trash_collection%1:04:00::" locator="01001825" spa_v="confeccionar" spa_n="" spa_a=""/>
 <row id="91343" sk="trash_pickup%1:04:00::" locator="01001825" spa_v="confeccionar" spa_n="" spa_a=""/>
 <row id="91505" sk="trento%1:15:00::" locator="08688336" spa_v="" spa_n="resedáceas" spa_a=""/>
 <row id="92854" sk="unassertiveness%1:12:00::" locator="07421243" spa_v="" spa_n="montañero" spa_a=""/>
 <row id="93345" sk="upper_hand%1:07:00::" locator="05098128" spa_v="" spa_n="simbolismo" spa_a=""/>
 <row id="94231" sk="venae_interlobulares_renis%1:08:00::" locator="05358182" spa_v="" spa_n="sobreoferta" spa_a=""/>
 <row id="94296" sk="ventolin%1:06:00::" locator="02670626" spa_v="" spa_n="" spa_a="quirúrgico"/>
 <row id="94530" sk="vestryman%1:18:00::" locator="10588227" spa_v="" spa_n="arsénico" spa_a=""/>
 <row id="94571" sk="vibrio_fetus%1:05:00::" locator="01347698" spa_v="posarse" spa_n="" spa_a=""/>
 <row id="95802" sk="watergate%1:11:00::" locator="07206866" spa_v="" spa_n="moroso" spa_a=""/>
 <row id="95803" sk="watergate_scandal%1:11:00::" locator="07206866" spa_v="" spa_n="moroso" spa_a=""/>
 <row id="95871" sk="waxwing%1:05:00::" locator="01585507" spa_v="" spa_n="genus_dugong" spa_a=""/>
 <row id="95974" sk="wedding_dress%1:06:00::" locator="02870444" spa_v="" spa_n="" spa_a="himeneo"/>
 <row id="95976" sk="wedding_gown%1:06:00::" locator="02870444" spa_v="" spa_n="" spa_a="himeneo"/>
 <row id="96171" sk="western_box_turtle%1:05:00::" locator="01651097" spa_v="consultar" spa_n="" spa_a=""/>
 <row id="96210" sk="western_red-backed_salamander%1:05:00::" locator="01618363" spa_v="" spa_n="mastín_tibetano" spa_a=""/>
 <row id="96343" sk="whip_hand%1:07:00::" locator="05098128" spa_v="" spa_n="simbolismo" spa_a=""/>
 <row id="96870" sk="willet%1:05:00::" locator="02010891" spa_v="" spa_n="" spa_a="oculto"/>
 <row id="97293" sk="witnesser%1:18:00::" locator="10624894" spa_v="" spa_n="acero_de_cromo-níquel" spa_a=""/>
 <row id="97509" sk="woolly_rhinoceros%1:05:00::" locator="02370403" spa_v="" spa_n="" spa_a="ungulado"/>
 <row id="97517" sk="wop%1:18:00::" locator="09575905" spa_v="" spa_n="coste_de_manipulación" spa_a=""/>
 <row id="97536" sk="word_of_honor%1:10:00::" locator="07128356" spa_v="" spa_n="moreno" spa_a=""/>
 <row id="98332" sk="yunnan%1:15:00::" locator="08604301" spa_v="" spa_n="olivo" spa_a=""/>
 <row id="98333" sk="yunnan_province%1:15:00::" locator="08604301" spa_v="" spa_n="olivo" spa_a=""/>
 <row id="98417" sk="zebra_finch%1:05:00::" locator="01526297" spa_v="" spa_n="" spa_a="craso"/>
 <row id="98578" sk="zoophyte%1:05:00::" locator="01886620" spa_v="encenderse" spa_n="" spa_a=""/>
 <row id="98671" sk="acid-wash%2:35:00::" locator="01524400" spa_v="" spa_n="" spa_a="requerido"/>
 <row id="98737" sk="ally_with%2:41:00::" locator="02411112" spa_v="" spa_n="cava" spa_a=""/>
 <row id="98837" sk="assoil%2:32:01::" locator="00894749" spa_v="" spa_n="" spa_a="tácito"/>
 <row id="99034" sk="belt_down%2:34:00::" locator="01191090" spa_v="" spa_n="tortuga_de_tierra" spa_a=""/>
 <row id="99195" sk="bolster_up%2:30:00::" locator="00220373" spa_v="ensanchar" spa_n="" spa_a=""/>
 <row id="99532" sk="catheterise%2:30:00::" locator="00185742" spa_v="desestabilizar" spa_n="" spa_a=""/>
 <row id="99533" sk="catheterize%2:30:00::" locator="00185742" spa_v="desestabilizar" spa_n="" spa_a=""/>
 <row id="99686" sk="circumvolve%2:38:00::" locator="02027484" spa_v="" spa_n="salmón" spa_a=""/>
 <row id="99715" sk="click_open%2:35:00::" locator="01334440" spa_v="caminar" spa_n="" spa_a=""/>
 <row id="100109" sk="debilitate%2:30:00::" locator="00385376" spa_v="" spa_n="puesto" spa_a=""/>
 <row id="100368" sk="disesteem%2:31:00::" locator="00686544" spa_v="mostrar" spa_n="" spa_a=""/>
 <row id="100490" sk="draw_a_line%2:30:00::" locator="00231480" spa_v="" spa_n="" spa_a="bidireccional"/>
 <row id="100494" sk="draw_the_line%2:30:00::" locator="00231480" spa_v="" spa_n="" spa_a="bidireccional"/>
 <row id="100506" sk="drink_down%2:34:00::" locator="01191090" spa_v="" spa_n="tortuga_de_tierra" spa_a=""/>
 <row id="100616" sk="empurple%2:30:00::" locator="00281684" spa_v="descentralizarse" spa_n="" spa_a=""/>
 <row id="100638" sk="enfeeble%2:30:00::" locator="00385376" spa_v="" spa_n="puesto" spa_a=""/>
 <row id="100708" sk="exculpate%2:32:00::" locator="00894749" spa_v="" spa_n="" spa_a="tácito"/>
 <row id="100713" sk="exonerate%2:32:00::" locator="00894749" spa_v="" spa_n="" spa_a="tácito"/>
 <row id="100725" sk="expropriate%2:35:00::" locator="01459801" spa_v="" spa_n="" spa_a="quebradizo"/>
 <row id="101017" sk="frivol%2:41:00::" locator="02568316" spa_v="" spa_n="locomotora_diesel" spa_a=""/>
 <row id="101180" sk="glisten%2:39:00::" locator="02143438" spa_v="" spa_n="" spa_a="solitario"/>
 <row id="101181" sk="glitter%2:39:00::" locator="02143438" spa_v="" spa_n="" spa_a="solitario"/>
 <row id="101322" sk="hark%2:39:00::" locator="02169661" spa_v="" spa_n="alerón" spa_a=""/>
 <row id="101324" sk="harken%2:39:00::" locator="02169661" spa_v="" spa_n="alerón" spa_a=""/>
 <row id="101367" sk="hearken%2:39:00::" locator="02169661" spa_v="" spa_n="alerón" spa_a=""/>
 <row id="101593" sk="inspan%2:35:00::" locator="01478260" spa_v="" spa_n="" spa_a="adaptado"/>
 <row id="101604" sk="intercalate%2:30:00::" locator="00186948" spa_v="enseñar" spa_n="" spa_a=""/>
 <row id="101655" sk="jack_up%2:35:00::" locator="01208224" spa_v="descomponer" spa_n="" spa_a=""/>
 <row id="101692" sk="jot%2:32:00::" locator="00995974" spa_v="" spa_n="vertebrado" spa_a=""/>
 <row id="101693" sk="jot_down%2:32:00::" locator="00995974" spa_v="" spa_n="vertebrado" spa_a=""/>
 <row id="102279" sk="nosh%2:34:00::" locator="01162166" spa_v="recrear" spa_n="" spa_a=""/>
 <row id="102344" sk="outgeneral%2:33:00::" locator="01098918" spa_v="" spa_n="" spa_a="diploide"/>
 <row id="102415" sk="overrule%2:31:00::" locator="00708032" spa_v="" spa_n="" spa_a="inmaduro"/>
 <row id="102577" sk="pick_over%2:31:00::" locator="00669510" spa_v="pronunciar" spa_n="" spa_a=""/>
 <row id="102699" sk="pour_down%2:34:00::" locator="01191090" spa_v="" spa_n="tortuga_de_tierra" spa_a=""/>
 <row id="102705" sk="practice_bundling%2:29:00::" locator="00015183" spa_v="" spa_n="" spa_a="profuso"/>
 <row id="102787" sk="protract%2:30:00::" locator="00314311" spa_v="" spa_n="" spa_a="anuro"/>
 <row id="102794" sk="ptyalise%2:29:00::" locator="00100922" spa_v="suspender" spa_n="" spa_a=""/>
 <row id="102795" sk="ptyalize%2:29:00::" locator="00100922" spa_v="suspender" spa_n="" spa_a=""/>
 <row id="102809" sk="pull_over%2:38:00::" locator="01824376" spa_v="" spa_n="patas" spa_a=""/>
 <row id="102832" sk="purpurate%2:30:00::" locator="00281684" spa_v="descentralizarse" spa_n="" spa_a=""/>
 <row id="102960" sk="reallot%2:40:00::" locator="02208197" spa_v="" spa_n="" spa_a="deshonesto"/>
 <row id="102969" sk="reassemble%2:36:00::" locator="01642540" spa_v="" spa_n="" spa_a="público"/>
 <row id="103067" sk="relyric%2:36:00::" locator="01683922" spa_v="inscribirse" spa_n="" spa_a=""/>
 <row id="103345" sk="scrub_up%2:29:00::" locator="00036271" spa_v="" spa_n="logro" spa_a=""/>
 <row id="103507" sk="sieve_out%2:31:00::" locator="00669510" spa_v="pronunciar" spa_n="" spa_a=""/>
 <row id="103649" sk="snack%2:34:00::" locator="01162166" spa_v="recrear" spa_n="" spa_a=""/>
 <row id="103703" sk="sow_in%2:35:00::" locator="01488451" spa_v="" spa_n="" spa_a="desmontado"/>
 <row id="103956" sk="swaddle%2:35:00::" locator="01288676" spa_v="" spa_n="arácnido" spa_a=""/>
 <row id="103961" sk="swathe%2:35:00::" locator="01288676" spa_v="" spa_n="arácnido" spa_a=""/>
 <row id="104008" sk="systematise%2:30:00::" locator="00475915" spa_v="" spa_n="exhibicionismo" spa_a=""/>
 <row id="104009" sk="systematize%2:30:00::" locator="00475915" spa_v="" spa_n="exhibicionismo" spa_a=""/>
 <row id="104010" sk="systemise%2:30:00::" locator="00475915" spa_v="" spa_n="exhibicionismo" spa_a=""/>
 <row id="104011" sk="systemize%2:30:00::" locator="00475915" spa_v="" spa_n="exhibicionismo" spa_a=""/>
 <row id="104021" sk="take_a_breath%2:29:00::" locator="00001740" spa_v="respirar" spa_n="entidad" spa_a="competente"/>
 <row id="104042" sk="take_exception%2:32:03::" locator="00799654" spa_v="" spa_n="reunión" spa_a=""/>
 <row id="104058" sk="take_it_easy%2:29:00::" locator="00026874" spa_v="" spa_n="intrusión" spa_a=""/>
 <row id="104117" sk="tarnish%2:35:00::" locator="01524538" spa_v="plantar" spa_n="" spa_a=""/>
 <row id="104170" sk="think_out%2:31:00::" locator="00622450" spa_v="determinar" spa_n="" spa_a=""/>
 <row id="104302" sk="trepan%2:35:00::" locator="01431319" spa_v="" spa_n="" spa_a="maduro"/>
 <row id="104399" sk="undercharge%2:40:00::" locator="02297307" spa_v="" spa_n="" spa_a="fino"/>
 <row id="104421" sk="unhook%2:35:00::" locator="01354219" spa_v="" spa_n="steatornis" spa_a=""/>
 <row id="104852" sk="acquit%2:32:00::" locator="00894749" spa_v="" spa_n="" spa_a="tácito"/>
 <row id="104859" sk="act%2:36:04::" locator="01706339" spa_v="repatriar" spa_n="" spa_a=""/>
 <row id="104861" sk="act%2:41:07::" locator="02395415" spa_v="" spa_n="" spa_a="visual"/>
 <row id="104901" sk="address%2:32:04::" locator="01023194" spa_v="recargar" spa_n="" spa_a=""/>
 <row id="104983" sk="advocate%2:32:01::" locator="00818899" spa_v="" spa_n="" spa_a="piloto"/>
 <row id="105146" sk="anastomose%2:35:00::" locator="01280584" spa_v="" spa_n="" spa_a="filisteo"/>
 <row id="105371" sk="assibilate%2:32:00::" locator="01043468" spa_v="" spa_n="genus_apteryx" spa_a=""/>
 <row id="105860" sk="betray%2:32:03::" locator="00845442" spa_v="" spa_n="batalla_de_Soissons" spa_a=""/>
 <row id="106007" sk="block_out%2:35:00::" locator="01346498" spa_v="" spa_n="upúpidos" spa_a=""/>
 <row id="106096" sk="bolster%2:30:01::" locator="00220373" spa_v="ensanchar" spa_n="" spa_a=""/>
 <row id="106105" sk="bolt_down%2:34:01::" locator="01191090" spa_v="" spa_n="tortuga_de_tierra" spa_a=""/>
 <row id="106204" sk="brainwash%2:32:00::" locator="00761357" spa_v="rivalizar" spa_n="" spa_a=""/>
 <row id="106266" sk="break%2:41:09::" locator="02535082" spa_v="" spa_n="" spa_a="carótida"/>
 <row id="106520" sk="bulge%2:30:01::" locator="00253002" spa_v="" spa_n="" spa_a="encuadernado"/>
 <row id="106522" sk="bulk%2:30:00::" locator="00253002" spa_v="" spa_n="" spa_a="encuadernado"/>
 <row id="106545" sk="bundle%2:29:00::" locator="00015183" spa_v="" spa_n="" spa_a="profuso"/>
 <row id="106833" sk="carry%2:33:01::" locator="01090508" spa_v="" spa_n="setophaga" spa_a=""/>
 <row id="106834" sk="carry%2:33:02::" locator="01090663" spa_v="grabar" spa_n="" spa_a=""/>
 <row id="106839" sk="carry%2:34:01::" locator="01191790" spa_v="tomar_como_modelo" spa_n="" spa_a=""/>
 <row id="106856" sk="carry%2:41:02::" locator="02561362" spa_v="" spa_n="" spa_a="elegíaco"/>
 <row id="106969" sk="cease%2:42:00::" locator="02655013" spa_v="" spa_n="" spa_a="interoceptivo"/>
 <row id="106991" sk="certify%2:32:01::" locator="00813536" spa_v="dejar" spa_n="" spa_a=""/>
 <row id="107011" sk="challenge%2:32:02::" locator="00799654" spa_v="" spa_n="reunión" spa_a=""/>
 <row id="107012" sk="challenge%2:32:03::" locator="00799835" spa_v="" spa_n="" spa_a="ineficaz"/>
 <row id="107335" sk="clear%2:32:00::" locator="00894749" spa_v="" spa_n="" spa_a="tácito"/>
 <row id="107468" sk="coalesce%2:35:00::" locator="01448428" spa_v="" spa_n="oligoqueto" spa_a=""/>
 <row id="107777" sk="concatenate%2:30:00::" locator="00187201" spa_v="" spa_n="galope" spa_a=""/>
 <row id="107837" sk="condescend%2:41:01::" locator="02566876" spa_v="" spa_n="cacho" spa_a=""/>
 <row id="108005" sk="contain%2:42:06::" locator="02722599" spa_v="" spa_n="" spa_a="calvinista"/>
 <row id="108076" sk="converge%2:42:00::" locator="02686493" spa_v="" spa_n="parque_de_bomberos" spa_a=""/>
 <row id="108222" sk="cover%2:32:01::" locator="01023194" spa_v="recargar" spa_n="" spa_a=""/>
 <row id="108597" sk="dado%2:35:00::" locator="01445003" spa_v="" spa_n="" spa_a="indisoluble"/>
 <row id="108664" sk="deaden%2:30:04::" locator="00114728" spa_v="" spa_n="" spa_a="sintético"/>
 <row id="108671" sk="deal%2:32:08::" locator="01023194" spa_v="recargar" spa_n="" spa_a=""/>
 <row id="108706" sk="deceive%2:32:00::" locator="00845442" spa_v="" spa_n="batalla_de_Soissons" spa_a=""/>
 <row id="108795" sk="defile%2:35:00::" locator="01524538" spa_v="plantar" spa_n="" spa_a=""/>
 <row id="108887" sk="demarcate%2:31:01::" locator="00722169" spa_v="hechizar" spa_n="" spa_a=""/>
 <row id="108931" sk="deny%2:32:01::" locator="00808287" spa_v="" spa_n="sabotaje" spa_a="forzoso"/>
 <row id="109240" sk="discharge%2:32:00::" locator="00894749" spa_v="" spa_n="" spa_a="tácito"/>
 <row id="109251" sk="disclaim%2:32:01::" locator="00749712" spa_v="" spa_n="reacondicionamiento" spa_a=""/>
 <row id="109263" sk="discontinue%2:42:00::" locator="02655013" spa_v="" spa_n="" spa_a="interoceptivo"/>
 <row id="109381" sk="dispose%2:40:11::" locator="02332545" spa_v="" spa_n="tabla_del_pan" spa_a=""/>
 <row id="109389" sk="disrespect%2:31:00::" locator="00686544" spa_v="mostrar" spa_n="" spa_a=""/>
 <row id="109458" sk="distribute%2:42:01::" locator="02730008" spa_v="" spa_n="" spa_a="polonés"/>
 <row id="109584" sk="down%2:34:00::" locator="01191090" spa_v="" spa_n="tortuga_de_tierra" spa_a=""/>
 <row id="109615" sk="drain%2:30:04::" locator="00385376" spa_v="" spa_n="puesto" spa_a=""/>
 <row id="109676" sk="draw_out%2:30:00::" locator="00314311" spa_v="" spa_n="" spa_a="anuro"/>
 <row id="110119" sk="enlarge%2:30:03::" locator="00152038" spa_v="" spa_n="desactivación" spa_a=""/>
 <row id="110709" sk="feed_back%2:32:00::" locator="00866892" spa_v="" spa_n="" spa_a="par"/>
 <row id="110899" sk="fixate%2:41:00::" locator="02514118" spa_v="" spa_n="" spa_a="aviónico"/>
 <row id="110902" sk="flag%2:30:00::" locator="00505758" spa_v="poner" spa_n="" spa_a=""/>
 <row id="111153" sk="force_out%2:35:00::" locator="01270021" spa_v="" spa_n="" spa_a="inspirador"/>
 <row id="111298" sk="freshen%2:29:02::" locator="00024747" spa_v="" spa_n="" spa_a="inexacto"/>
 <row id="111300" sk="freshen_up%2:29:02::" locator="00024747" spa_v="" spa_n="" spa_a="inexacto"/>
 <row id="111443" sk="gather%2:35:03::" locator="01319020" spa_v="" spa_n="" spa_a="benigno"/>
 <row id="111449" sk="gauge%2:30:00::" locator="00485167" spa_v="postular" spa_n="" spa_a=""/>
 <row id="111576" sk="get_off%2:32:04::" locator="00932331" spa_v="" spa_n="genus_ascophyllum" spa_a=""/>
 <row id="111626" sk="ghost%2:37:00::" locator="01766210" spa_v="" spa_n="neurópteros" spa_a=""/>
 <row id="111655" sk="give%2:32:02::" locator="01050188" spa_v="" spa_n="alaudidos" spa_a=""/>
 <row id="111718" sk="give_up%2:42:00::" locator="02655013" spa_v="" spa_n="" spa_a="interoceptivo"/>
 <row id="111748" sk="gleam%2:39:01::" locator="02143438" spa_v="" spa_n="" spa_a="solitario"/>
 <row id="111752" sk="glint%2:39:00::" locator="02143438" spa_v="" spa_n="" spa_a="solitario"/>
 <row id="111758" sk="glorify%2:30:00::" locator="00484181" spa_v="" spa_n="trama" spa_a=""/>
 <row id="111894" sk="gouge%2:35:00::" locator="01270021" spa_v="" spa_n="" spa_a="inspirador"/>
 <row id="111917" sk="grab%2:38:02::" locator="02080512" spa_v="" spa_n="besugo" spa_a=""/>
 <row id="112086" sk="hack%2:35:01::" locator="01246221" spa_v="" spa_n="" spa_a="hedonístico"/>
 <row id="112104" sk="hammer%2:35:00::" locator="01404337" spa_v="acercarse" spa_n="" spa_a=""/>
 <row id="112115" sk="handle%2:32:00::" locator="01023194" spa_v="recargar" spa_n="" spa_a=""/>
 <row id="112195" sk="haunt%2:37:00::" locator="01766210" spa_v="" spa_n="neurópteros" spa_a=""/>
 <row id="112408" sk="hold_out%2:33:00::" locator="01105820" spa_v="" spa_n="strepera" spa_a=""/>
 <row id="112877" sk="inosculate%2:35:00::" locator="01280584" spa_v="" spa_n="" spa_a="filisteo"/>
 <row id="112889" sk="inseminate%2:35:00::" locator="01488451" spa_v="" spa_n="" spa_a="desmontado"/>
 <row id="112924" sk="instruct%2:32:00::" locator="00820277" spa_v="" spa_n="reclutamiento" spa_a=""/>
 <row id="113010" sk="interview%2:32:00::" locator="00800347" spa_v="" spa_n="" spa_a="sistemático"/>
 <row id="113141" sk="jack%2:35:00::" locator="01208224" spa_v="descomponer" spa_n="" spa_a=""/>
 <row id="113218" sk="joy%2:37:00::" locator="01796740" spa_v="suponer" spa_n="" spa_a=""/>
 <row id="113336" sk="kill%2:34:00::" locator="01191090" spa_v="" spa_n="tortuga_de_tierra" spa_a=""/>
 <row id="113500" sk="lay_off%2:42:00::" locator="02655013" spa_v="" spa_n="" spa_a="interoceptivo"/>
 <row id="113524" sk="lead_astray%2:32:00::" locator="00845442" spa_v="" spa_n="batalla_de_Soissons" spa_a=""/>
 <row id="113552" sk="learn%2:32:00::" locator="00820277" spa_v="" spa_n="reclutamiento" spa_a=""/>
 <row id="113664" sk="lift%2:38:01::" locator="01955442" spa_v="" spa_n="oso_hormiguero" spa_a=""/>
 <row id="113838" sk="loop%2:38:01::" locator="02026439" spa_v="" spa_n="engráulidos" spa_a=""/>
 <row id="113924" sk="maculate%2:35:00::" locator="01524538" spa_v="plantar" spa_n="" spa_a=""/>
 <row id="114106" sk="martyr%2:35:00::" locator="01591325" spa_v="" spa_n="foca_de_Groenlandia" spa_a=""/>
 <row id="114115" sk="mask%2:35:01::" locator="01346498" spa_v="" spa_n="upúpidos" spa_a=""/>
 <row id="114195" sk="meet%2:42:02::" locator="02686493" spa_v="" spa_n="parque_de_bomberos" spa_a=""/>
 <row id="114581" sk="narrate%2:32:01::" locator="00944702" spa_v="" spa_n="" spa_a="reprobatorio"/>
 <row id="114676" sk="nod%2:32:01::" locator="00889128" spa_v="obstruir" spa_n="" spa_a=""/>
 <row id="114766" sk="obsess%2:37:00::" locator="01766210" spa_v="" spa_n="neurópteros" spa_a=""/>
 <row id="114909" sk="osculate%2:42:00::" locator="02726367" spa_v="" spa_n="" spa_a="ruso"/>
 <row id="114911" sk="ossify%2:30:00::" locator="00263888" spa_v="" spa_n="" spa_a="jadeante"/>
 <row id="115035" sk="override%2:31:00::" locator="00708032" spa_v="" spa_n="" spa_a="inmaduro"/>
 <row id="115058" sk="overthrow%2:31:00::" locator="00708032" spa_v="" spa_n="" spa_a="inmaduro"/>
 <row id="115061" sk="overturn%2:31:00::" locator="00708032" spa_v="" spa_n="" spa_a="inmaduro"/>
 <row id="115229" sk="pass_away%2:30:01::" locator="00347605" spa_v="tinturar" spa_n="" spa_a=""/>
 <row id="115394" sk="persuade%2:41:00::" locator="02561362" spa_v="" spa_n="" spa_a="elegíaco"/>
 <row id="115668" sk="plow%2:32:00::" locator="01023194" spa_v="recargar" spa_n="" spa_a=""/>
 <row id="115898" sk="preach%2:32:00::" locator="00818899" spa_v="" spa_n="" spa_a="piloto"/>
 <row id="116019" sk="pretend%2:36:00::" locator="01706339" spa_v="repatriar" spa_n="" spa_a=""/>
 <row id="116138" sk="prolong%2:30:00::" locator="00314311" spa_v="" spa_n="" spa_a="anuro"/>
 <row id="116243" sk="pucker%2:35:01::" locator="01319020" spa_v="" spa_n="" spa_a="benigno"/>
 <row id="116260" sk="puff%2:34:01::" locator="01187529" spa_v="reproducir" spa_n="" spa_a=""/>
 <row id="116349" sk="purge%2:30:04::" locator="00470801" spa_v="" spa_n="" spa_a="incomparable"/>
 <row id="116353" sk="purify%2:30:01::" locator="00470801" spa_v="" spa_n="" spa_a="incomparable"/>
 <row id="116360" sk="purple%2:30:00::" locator="00281684" spa_v="descentralizarse" spa_n="" spa_a=""/>
 <row id="116515" sk="question%2:32:09::" locator="00800347" spa_v="" spa_n="" spa_a="sistemático"/>
 <row id="116534" sk="quit%2:42:04::" locator="02655013" spa_v="" spa_n="" spa_a="interoceptivo"/>
 <row id="116615" sk="raise%2:32:14::" locator="00735613" spa_v="" spa_n="" spa_a="desconcertado"/>
 <row id="116627" sk="raise%2:38:02::" locator="01955442" spa_v="" spa_n="oso_hormiguero" spa_a=""/>
 <row id="116932" sk="recuperate%2:29:01::" locator="00092182" spa_v="repercutir" spa_n="" spa_a=""/>
 <row id="117049" sk="refresh%2:29:02::" locator="00024747" spa_v="" spa_n="" spa_a="inexacto"/>
 <row id="117052" sk="refreshen%2:29:00::" locator="00024747" spa_v="" spa_n="" spa_a="inexacto"/>
 <row id="117147" sk="rejoice%2:37:00::" locator="01796740" spa_v="suponer" spa_n="" spa_a=""/>
 <row id="117198" sk="reline%2:35:00::" locator="01259559" spa_v="" spa_n="" spa_a="hereditario"/>
 <row id="117254" sk="render%2:32:00::" locator="01050188" spa_v="" spa_n="alaudidos" spa_a=""/>
 <row id="117380" sk="request%2:32:02::" locator="00744972" spa_v="" spa_n="" spa_a="ténue"/>
 <row id="117422" sk="resist%2:33:00::" locator="01105820" spa_v="" spa_n="strepera" spa_a=""/>
 <row id="117443" sk="respire%2:29:00::" locator="00001740" spa_v="respirar" spa_n="entidad" spa_a="competente"/>
 <row id="117588" sk="reverse%2:31:00::" locator="00708032" spa_v="" spa_n="" spa_a="inmaduro"/>
 <row id="117807" sk="rotate%2:38:00::" locator="02027484" spa_v="" spa_n="salmón" spa_a=""/>
 <row id="118032" sk="sanctify%2:30:00::" locator="00470801" spa_v="" spa_n="" spa_a="incomparable"/>
 <row id="118118" sk="scan%2:35:00::" locator="01307045" spa_v="" spa_n="pentastómido" spa_a=""/>
 <row id="118123" sk="scant%2:40:00::" locator="02205026" spa_v="" spa_n="jardín_botánico" spa_a=""/>
 <row id="118133" sk="scarify%2:35:02::" locator="01264154" spa_v="" spa_n="" spa_a="magullado"/>
 <row id="118241" sk="scrub%2:29:00::" locator="00036271" spa_v="" spa_n="logro" spa_a=""/>
 <row id="118609" sk="sharpen%2:35:00::" locator="01235023" spa_v="" spa_n="genus_compsognathus" spa_a=""/>
 <row id="118643" sk="shelve%2:35:10::" locator="01484644" spa_v="" spa_n="genus_sepia" spa_a=""/>
 <row id="118655" sk="shift%2:30:12::" locator="00578931" spa_v="" spa_n="delineación" spa_a=""/>
 <row id="118669" sk="shine%2:39:01::" locator="02143438" spa_v="" spa_n="" spa_a="solitario"/>
 <row id="118705" sk="shoot%2:31:00::" locator="00639761" spa_v="" spa_n="" spa_a="cíclico"/>
 <row id="118742" sk="shoulder%2:35:00::" locator="01227336" spa_v="defraudar" spa_n="" spa_a=""/>
 <row id="118895" sk="sit_back%2:29:00::" locator="00026874" spa_v="" spa_n="intrusión" spa_a=""/>
 <row id="118908" sk="size%2:31:00::" locator="00647961" spa_v="" spa_n="graduación" spa_a=""/>
 <row id="118933" sk="skimp%2:40:01::" locator="02205026" spa_v="" spa_n="jardín_botánico" spa_a=""/>
 <row id="119319" sk="sow%2:35:02::" locator="01488451" spa_v="" spa_n="" spa_a="desmontado"/>
 <row id="119352" sk="speak%2:32:01::" locator="00952735" spa_v="" spa_n="" spa_a="incompleto"/>
 <row id="119401" sk="spew%2:29:01::" locator="00100922" spa_v="suspender" spa_n="" spa_a=""/>
 <row id="119441" sk="spit%2:29:00::" locator="00100922" spa_v="suspender" spa_n="" spa_a=""/>
 <row id="119564" sk="spue%2:29:01::" locator="00100922" spa_v="suspender" spa_n="" spa_a=""/>
 <row id="119584" sk="square%2:30:00::" locator="00143034" spa_v="decaer" spa_n="" spa_a=""/>
 <row id="119592" sk="square_up%2:30:00::" locator="00143034" spa_v="decaer" spa_n="" spa_a=""/>
 <row id="119658" sk="stain%2:35:05::" locator="01524538" spa_v="plantar" spa_n="" spa_a=""/>
 <row id="119708" sk="stand_firm%2:33:00::" locator="01105820" spa_v="" spa_n="strepera" spa_a=""/>
 <row id="119886" sk="stint%2:40:01::" locator="02205026" spa_v="" spa_n="jardín_botánico" spa_a=""/>
 <row id="119940" sk="stop%2:42:00::" locator="02655013" spa_v="" spa_n="" spa_a="interoceptivo"/>
 <row id="119983" sk="strangulate%2:30:00::" locator="00301090" spa_v="" spa_n="" spa_a="capaz"/>
 <row id="120270" sk="sully%2:35:00::" locator="01524538" spa_v="plantar" spa_n="" spa_a=""/>
 <row id="120353" sk="surmise%2:31:00::" locator="00681108" spa_v="telegrafiar" spa_n="" spa_a=""/>
 <row id="120392" sk="suspire%2:29:03::" locator="00001740" spa_v="respirar" spa_n="entidad" spa_a="competente"/>
 <row id="120395" sk="sustain%2:32:00::" locator="00809681" spa_v="disfrutar" spa_n="" spa_a=""/>
 <row id="120430" sk="sway%2:41:00::" locator="02561362" spa_v="" spa_n="" spa_a="elegíaco"/>
 <row id="120612" sk="take_away%2:40:01::" locator="02185291" spa_v="" spa_n="ampicilina" spa_a=""/>
 <row id="120643" sk="take_in%2:42:00::" locator="02631672" spa_v="" spa_n="electromiógrafo" spa_a=""/>
 <row id="120701" sk="talk%2:32:01::" locator="00952735" spa_v="" spa_n="" spa_a="incompleto"/>
 <row id="120768" sk="teach%2:32:00::" locator="00820277" spa_v="" spa_n="reclutamiento" spa_a=""/>
 <row id="120858" sk="theorize%2:31:02::" locator="00625655" spa_v="" spa_n="asalto" spa_a=""/>
 <row id="120873" sk="think%2:31:12::" locator="00730994" spa_v="" spa_n="control" spa_a=""/>
 <row id="121111" sk="toss_off%2:34:00::" locator="01191090" spa_v="" spa_n="tortuga_de_tierra" spa_a=""/>
 <row id="121127" sk="touch%2:41:00::" locator="02574745" spa_v="" spa_n="" spa_a="hexagonal"/>
 <row id="121192" sk="transaminate%2:30:01::" locator="00574902" spa_v="" spa_n="práctica" spa_a=""/>
 <row id="121301" sk="treat%2:32:00::" locator="01023194" spa_v="recargar" spa_n="" spa_a=""/>
 <row id="121329" sk="trifle%2:41:00::" locator="02568316" spa_v="" spa_n="locomotora_diesel" spa_a=""/>
 <row id="121414" sk="tuck%2:35:03::" locator="01319020" spa_v="" spa_n="" spa_a="benigno"/>
 <row id="121811" sk="use%2:41:03::" locator="02347413" spa_v="" spa_n="inmueble" spa_a=""/>
 <row id="122259" sk="whiff%2:34:02::" locator="01187529" spa_v="reproducir" spa_n="" spa_a=""/>
 <row id="122392" sk="withstand%2:33:00::" locator="01105820" spa_v="" spa_n="strepera" spa_a=""/>
 <row id="122613" sk="breathe%2:29:00::" locator="00001740" spa_v="respirar" spa_n="entidad" spa_a="competente"/>
 <row id="122677" sk="curse%2:32:03::" locator="01020064" spa_v="" spa_n="" spa_a="seco"/>
 <row id="122751" sk="excommunicate%2:32:00::" locator="01020064" spa_v="" spa_n="" spa_a="seco"/>
 <row id="122754" sk="exhort%2:32:00::" locator="00757101" spa_v="" spa_n="" spa_a="recto"/>
 <row id="122931" sk="press%2:32:00::" locator="00757101" spa_v="" spa_n="" spa_a="recto"/>
 <row id="123086" sk="turn%2:35:06::" locator="01571163" spa_v="" spa_n="" spa_a="antisubmarino"/>
 <row id="123094" sk="urge%2:32:00::" locator="00757101" spa_v="" spa_n="" spa_a="recto"/>
 <row id="123095" sk="urge_on%2:32:00::" locator="00757101" spa_v="" spa_n="" spa_a="recto"/>
 <row id="123149" sk="dissemble%2:36:00::" locator="01706339" spa_v="repatriar" spa_n="" spa_a=""/>
 <row id="123326" sk="abomination%1:12:00::" locator="07401317" spa_v="" spa_n="matriculado" spa_a=""/>
 <row id="123621" sk="adjournment%1:04:01::" locator="01052783" spa_v="" spa_n="" spa_a="pandémico"/>
 <row id="123756" sk="affliction%1:11:00::" locator="07205140" spa_v="" spa_n="deán" spa_a=""/>
 <row id="123769" sk="aficionado%1:18:00::" locator="09633406" spa_v="" spa_n="letra" spa_a=""/>
 <row id="124039" sk="alliance%1:04:00::" locator="01067122" spa_v="tachar" spa_n="" spa_a=""/>
 <row id="124237" sk="analogy%1:04:00::" locator="00644295" spa_v="nasalizar" spa_n="" spa_a=""/>
 <row id="124462" sk="aperture%1:06:00::" locator="02701568" spa_v="" spa_n="" spa_a="hortícola"/>
 <row id="124524" sk="appointment%1:04:00::" locator="00160599" spa_v="" spa_n="elaboración" spa_a=""/>
 <row id="124901" sk="assignment%1:04:01::" locator="00160599" spa_v="" spa_n="elaboración" spa_a=""/>
 <row id="125282" sk="backfire%1:04:00::" locator="00071000" spa_v="" spa_n="gancho" spa_a=""/>
 <row id="125793" sk="bear_claw%1:06:00::" locator="02790047" spa_v="" spa_n="balón_de_handball" spa_a=""/>
 <row id="126806" sk="boomerang%1:04:00::" locator="00071000" spa_v="" spa_n="gancho" spa_a=""/>
 <row id="126809" sk="boorishness%1:07:02::" locator="04859332" spa_v="" spa_n="resumen" spa_a=""/>
 <row id="127069" sk="bread%1:13:00::" locator="07574014" spa_v="" spa_n="trampista" spa_a=""/>
 <row id="127076" sk="breadstuff%1:13:01::" locator="07574014" spa_v="" spa_n="trampista" spa_a=""/>
 <row id="127196" sk="brisling%1:05:00::" locator="02510121" spa_v="" spa_n="" spa_a="auroral"/>
 <row id="127228" sk="broadening%1:04:01::" locator="00403216" spa_v="revivir" spa_n="" spa_a=""/>
 <row id="127799" sk="calculation%1:04:00::" locator="00856759" spa_v="tallar" spa_n="" spa_a=""/>
 <row id="127801" sk="calculation%1:09:01::" locator="05725136" spa_v="" spa_n="pan_eucarístico" spa_a=""/>
 <row id="127849" sk="caller%1:18:04::" locator="09742899" spa_v="" spa_n="aclimatación" spa_a=""/>
 <row id="128121" sk="car%1:06:03::" locator="02932115" spa_v="" spa_n="hilo_de_Escocia" spa_a=""/>
 <row id="128169" sk="care%1:04:00::" locator="00263752" spa_v="chamuscarse" spa_n="" spa_a=""/>
 <row id="128422" sk="category%1:09:02::" locator="05765921" spa_v="" spa_n="judía_verde" spa_a=""/>
 <row id="128913" sk="chestnut%1:13:00::" locator="07666571" spa_v="" spa_n="villana" spa_a=""/>
 <row id="129162" sk="chute%1:06:01::" locator="03844696" spa_v="" spa_n="porte" spa_a=""/>
 <row id="129360" sk="clearance%1:04:00::" locator="01126603" spa_v="diseñar" spa_n="" spa_a=""/>
 <row id="129586" sk="cockle%1:05:00::" locator="01940080" spa_v="" spa_n="" spa_a="sordo"/>
 <row id="129625" sk="cocozelle%1:13:00::" locator="07611078" spa_v="" spa_n="azafato" spa_a=""/>
 <row id="129995" sk="communist%1:18:01::" locator="09798534" spa_v="" spa_n="unidad_de_cantidad_de_electricidad" spa_a=""/>
 <row id="130020" sk="compaction%1:04:00::" locator="00354179" spa_v="" spa_n="música_vocal" spa_a=""/>
 <row id="130133" sk="computation%1:04:00::" locator="00856759" spa_v="tallar" spa_n="" spa_a=""/>
 <row id="130139" sk="computing%1:04:00::" locator="00856759" spa_v="tallar" spa_n="" spa_a=""/>
 <row id="130271" sk="confederation%1:04:00::" locator="01067122" spa_v="tachar" spa_n="" spa_a=""/>
 <row id="130840" sk="corrections%1:14:00::" locator="08010340" spa_v="" spa_n="genus_epimedium" spa_a=""/>
 <row id="130982" sk="coup%1:04:00::" locator="01130016" spa_v="" spa_n="" spa_a="divino"/>
 <row id="131421" sk="crunch%1:04:00::" locator="00354179" spa_v="" spa_n="música_vocal" spa_a=""/>
 <row id="131426" sk="crush%1:04:00::" locator="00354179" spa_v="" spa_n="música_vocal" spa_a=""/>
 <row id="132015" sk="decoupage%1:06:00::" locator="03137963" spa_v="" spa_n="planetario" spa_a=""/>
 <row id="132161" sk="deliberation%1:09:00::" locator="05725136" spa_v="" spa_n="pan_eucarístico" spa_a=""/>
 <row id="132409" sk="design%1:06:00::" locator="03146300" spa_v="" spa_n="reja_del_arado" spa_a=""/>
 <row id="132415" sk="designation%1:04:00::" locator="00160599" spa_v="" spa_n="elaboración" spa_a=""/>
 <row id="132635" sk="diesel%1:06:00::" locator="03160228" spa_v="" spa_n="pórtico" spa_a=""/>
 <row id="132972" sk="dispensation%1:04:00::" locator="01069170" spa_v="" spa_n="" spa_a="imitado"/>
 <row id="133094" sk="distribution%1:09:00::" locator="05658678" spa_v="" spa_n="mazapán" spa_a=""/>
 <row id="133361" sk="doubles%1:04:00::" locator="00478440" spa_v="" spa_n="despilfarro" spa_a=""/>
 <row id="133555" sk="drive%1:04:00::" locator="00304044" spa_v="enrollar" spa_n="" spa_a=""/>
 <row id="133641" sk="ducking%1:04:01::" locator="00448715" spa_v="" spa_n="corrección" spa_a=""/>
 <row id="133655" sk="duet%1:10:00::" locator="06944593" spa_v="" spa_n="cobarde" spa_a=""/>
 <row id="133659" sk="duette%1:10:00::" locator="06944593" spa_v="" spa_n="cobarde" spa_a=""/>
 <row id="133696" sk="duo%1:10:00::" locator="06944593" spa_v="" spa_n="cobarde" spa_a=""/>
 <row id="133727" sk="duster%1:06:01::" locator="03224511" spa_v="" spa_n="réflex" spa_a=""/>
 <row id="133945" sk="ejector%1:06:00::" locator="02944079" spa_v="" spa_n="persiana" spa_a=""/>
 <row id="134331" sk="entree%1:04:00::" locator="00048113" spa_v="manar" spa_n="" spa_a=""/>
 <row id="134335" sk="entrepot%1:15:00::" locator="08517232" spa_v="" spa_n="hortaliza" spa_a=""/>
 <row id="134731" sk="execration%1:12:00::" locator="07401317" spa_v="" spa_n="matriculado" spa_a=""/>
 <row id="135506" sk="figure%1:06:01::" locator="03146300" spa_v="" spa_n="reja_del_arado" spa_a=""/>
 <row id="136019" sk="flood%1:04:00::" locator="01241840" spa_v="vacilar" spa_n="" spa_a=""/>
 <row id="136059" sk="flounder%1:13:00::" locator="07684780" spa_v="" spa_n="mujer" spa_a=""/>
 <row id="136071" sk="flowage%1:04:00::" locator="01241840" spa_v="vacilar" spa_n="" spa_a=""/>
 <row id="136198" sk="foil%1:06:03::" locator="03514041" spa_v="" spa_n="gel" spa_a=""/>
 <row id="136726" sk="fun%1:10:00::" locator="06690007" spa_v="" spa_n="ión_de_hidrógeno" spa_a=""/>
 <row id="136873" sk="gallery%1:06:03::" locator="03375426" spa_v="" spa_n="verga" spa_a=""/>
 <row id="137060" sk="gem%1:13:00::" locator="07584808" spa_v="" spa_n="lirón" spa_a=""/>
 <row id="137437" sk="gondola%1:06:03::" locator="02932115" spa_v="" spa_n="hilo_de_Escocia" spa_a=""/>
 <row id="137728" sk="griffon%1:05:03::" locator="01598966" spa_v="" spa_n="perro_basset" spa_a=""/>
 <row id="138033" sk="hackberry%1:13:00::" locator="07640349" spa_v="" spa_n="pelleja" spa_a=""/>
 <row id="138780" sk="hit%1:04:03::" locator="00042237" spa_v="abortar" spa_n="" spa_a=""/>
 <row id="138808" sk="hob%1:06:01::" locator="03485158" spa_v="" spa_n="pista_de_tenis" spa_a=""/>
 <row id="138825" sk="hogfish%1:05:00::" locator="02565697" spa_v="" spa_n="diafragma" spa_a=""/>
 <row id="139306" sk="hydrofoil%1:06:01::" locator="03514041" spa_v="" spa_n="gel" spa_a=""/>
 <row id="139378" sk="icterus%1:05:00::" locator="01554082" spa_v="especular" spa_n="" spa_a=""/>
 <row id="139855" sk="indirection%1:04:01::" locator="00741586" spa_v="" spa_n="preparación" spa_a=""/>
 <row id="139885" sk="induction%1:04:00::" locator="00234711" spa_v="hacer_añicos" spa_n="" spa_a=""/>
 <row id="140025" sk="injection%1:04:01::" locator="00686265" spa_v="testificar" spa_n="" spa_a=""/>
 <row id="140283" sk="interpenetration%1:04:00::" locator="00050036" spa_v="torturar" spa_n="" spa_a=""/>
 <row id="140812" sk="joystick%1:06:01::" locator="03563558" spa_v="" spa_n="orinal" spa_a=""/>
 <row id="141590" sk="lavishness%1:07:00::" locator="05085604" spa_v="" spa_n="encarnación" spa_a=""/>
 <row id="142063" sk="line%1:06:00::" locator="03630034" spa_v="" spa_n="banco_de_trabajo" spa_a=""/>
 <row id="142346" sk="loggerhead%1:05:00::" locator="01645802" spa_v="" spa_n="hemigalus" spa_a=""/>
 <row id="142370" sk="longevity%1:07:00::" locator="04992880" spa_v="" spa_n="tope" spa_a=""/>
 <row id="142587" sk="luxury%1:07:01::" locator="05085604" spa_v="" spa_n="encarnación" spa_a=""/>
 <row id="142754" sk="maintenance%1:04:00::" locator="00263752" spa_v="chamuscarse" spa_n="" spa_a=""/>
 <row id="142791" sk="malay%1:10:00::" locator="06846327" spa_v="" spa_n="requisito" spa_a=""/>
 <row id="143704" sk="mind_game%1:04:00::" locator="00155454" spa_v="" spa_n="" spa_a="parlante"/>
 <row id="143944" sk="modulation%1:04:00::" locator="00196766" spa_v="mojar" spa_n="" spa_a=""/>
 <row id="144027" sk="moneymaker%1:09:00::" locator="05835708" spa_v="" spa_n="alfalfa" spa_a=""/>
 <row id="144496" sk="naming%1:04:00::" locator="00160599" spa_v="" spa_n="elaboración" spa_a=""/>
 <row id="145059" sk="nutcracker%1:05:02::" locator="01572491" spa_v="" spa_n="" spa_a="contrito"/>
 <row id="145225" sk="odium%1:12:00::" locator="07401317" spa_v="" spa_n="matriculado" spa_a=""/>
 <row id="145252" sk="offertory%1:04:00::" locator="01021934" spa_v="" spa_n="" spa_a="salobre"/>
 <row id="145335" sk="oldwife%1:05:01::" locator="01834629" spa_v="" spa_n="" spa_a="bigenérico"/>
 <row id="146160" sk="parole%1:10:00::" locator="07128356" spa_v="" spa_n="moreno" spa_a=""/>
 <row id="146367" sk="patience%1:04:01::" locator="00490373" spa_v="prever" spa_n="" spa_a=""/>
 <row id="146402" sk="pattern%1:06:00::" locator="03146300" spa_v="" spa_n="reja_del_arado" spa_a=""/>
 <row id="146535" sk="peeler%1:18:01::" locator="10257434" spa_v="" spa_n="trauma" spa_a=""/>
 <row id="146550" sk="peg%1:06:01::" locator="03861842" spa_v="" spa_n="mucilaginosidad" spa_a=""/>
 <row id="146609" sk="pension_fund%1:14:00::" locator="07960709" spa_v="" spa_n="thuja" spa_a=""/>
 <row id="146715" sk="permeation%1:04:00::" locator="00050036" spa_v="torturar" spa_n="" spa_a=""/>
 <row id="146915" sk="pick%1:06:01::" locator="03885222" spa_v="" spa_n="añil" spa_a=""/>
 <row id="146994" sk="pigfish%1:05:00::" locator="02565697" spa_v="" spa_n="diafragma" spa_a=""/>
 <row id="147337" sk="play%1:10:02::" locator="06690007" spa_v="" spa_n="ión_de_hidrógeno" spa_a=""/>
 <row id="147865" sk="potshot%1:04:00::" locator="00122245" spa_v="" spa_n="" spa_a="vital"/>
 <row id="148303" sk="proboscidea%1:05:00::" locator="02480324" spa_v="" spa_n="" spa_a="alular"/>
 <row id="148752" sk="purgation%1:04:01::" locator="00248910" spa_v="" spa_n="muesca" spa_a=""/>
 <row id="148756" sk="purge%1:04:01::" locator="00248910" spa_v="" spa_n="muesca" spa_a=""/>
 <row id="148758" sk="purging%1:04:01::" locator="00248910" spa_v="" spa_n="muesca" spa_a=""/>
 <row id="149584" sk="recidivist%1:18:01::" locator="10353855" spa_v="" spa_n="rango_militar" spa_a=""/>
 <row id="149640" sk="record%1:04:01::" locator="00046069" spa_v="" spa_n="" spa_a="progresivo"/>
 <row id="150092" sk="renegade%1:18:00::" locator="10362727" spa_v="" spa_n="autoridad" spa_a=""/>
 <row id="150126" sk="repeater%1:18:01::" locator="10353855" spa_v="" spa_n="rango_militar" spa_a=""/>
 <row id="150596" sk="ride%1:04:00::" locator="00304044" spa_v="enrollar" spa_n="" spa_a=""/>
 <row id="150618" sk="rifle_range%1:06:00::" locator="04045106" spa_v="" spa_n="sangre_vital" spa_a=""/>
 <row id="151188" sk="running%1:04:00::" locator="00435410" spa_v="" spa_n="" spa_a="liso"/>
 <row id="151381" sk="sally%1:04:00::" locator="00957396" spa_v="" spa_n="" spa_a="primer"/>
 <row id="151503" sk="sapodilla%1:13:00::" locator="07658612" spa_v="" spa_n="guía" spa_a=""/>
 <row id="151738" sk="schooling%1:04:00::" locator="00876265" spa_v="" spa_n="" spa_a="inculpatorio"/>
 <row id="151857" sk="scream%1:10:00::" locator="07025273" spa_v="" spa_n="italiano" spa_a=""/>
 <row id="151864" sk="screaming%1:10:00::" locator="07025273" spa_v="" spa_n="italiano" spa_a=""/>
 <row id="151866" sk="screech%1:10:00::" locator="07025273" spa_v="" spa_n="italiano" spa_a=""/>
 <row id="151868" sk="screeching%1:10:00::" locator="07025273" spa_v="" spa_n="italiano" spa_a=""/>
 <row id="152084" sk="secretary_of_housing_and_urban_development%1:18:00::" locator="10413715" spa_v="" spa_n="despoblación" spa_a=""/>
 <row id="152217" sk="self-love%1:07:00::" locator="04779895" spa_v="" spa_n="apellido_de_soltera" spa_a=""/>
 <row id="152563" sk="shamanism%1:09:01::" locator="06162885" spa_v="" spa_n="UNESCO" spa_a=""/>
 <row id="152844" sk="shot%1:04:03::" locator="00686265" spa_v="testificar" spa_n="" spa_a=""/>
 <row id="152897" sk="shriek%1:10:00::" locator="07025273" spa_v="" spa_n="italiano" spa_a=""/>
 <row id="152899" sk="shrieking%1:10:00::" locator="07025273" spa_v="" spa_n="italiano" spa_a=""/>
 <row id="153541" sk="smoothness%1:07:02::" locator="04653530" spa_v="" spa_n="cinemática" spa_a=""/>
 <row id="153556" sk="snail%1:05:00::" locator="01924521" spa_v="" spa_n="orix" spa_a=""/>
 <row id="153749" sk="solitaire%1:04:00::" locator="00490373" spa_v="prever" spa_n="" spa_a=""/>
 <row id="153832" sk="sortie%1:04:00::" locator="00957396" spa_v="" spa_n="" spa_a="primer"/>
 <row id="153882" sk="sourdough%1:18:00::" locator="10468174" spa_v="" spa_n="ácido_hipofosfórico" spa_a=""/>
 <row id="154012" sk="special%1:10:00::" locator="07068228" spa_v="" spa_n="agnóstico" spa_a=""/>
 <row id="154109" sk="spider%1:05:00::" locator="01753501" spa_v="condicionar" spa_n="" spa_a=""/>
 <row id="154288" sk="sport%1:10:00::" locator="06690007" spa_v="" spa_n="ión_de_hidrógeno" spa_a=""/>
 <row id="154309" sk="spotted_salamander%1:05:01::" locator="01611815" spa_v="" spa_n="spaniel_inglés" spa_a=""/>
 <row id="154321" sk="sprat%1:05:00::" locator="02510121" spa_v="" spa_n="" spa_a="auroral"/>
 <row id="154450" sk="squeeze_play%1:04:00::" locator="00559327" spa_v="" spa_n="" spa_a="continente"/>
 <row id="154571" sk="stand%1:04:00::" locator="00946936" spa_v="" spa_n="genus_trichomonas" spa_a=""/>
 <row id="155062" sk="straw_man%1:10:00::" locator="07083825" spa_v="" spa_n="ingeniero_militar" spa_a=""/>
 <row id="155063" sk="strawman%1:10:00::" locator="07083825" spa_v="" spa_n="ingeniero_militar" spa_a=""/>
 <row id="155412" sk="sucker%1:05:02::" locator="02442989" spa_v="" spa_n="" spa_a="desinclinado"/>
 <row id="155447" sk="sugarberry%1:13:00::" locator="07640349" spa_v="" spa_n="pelleja" spa_a=""/>
 <row id="155508" sk="sumptuousness%1:07:01::" locator="05085604" spa_v="" spa_n="encarnación" spa_a=""/>
 <row id="155590" sk="support%1:04:00::" locator="01197355" spa_v="" spa_n="" spa_a="calorífico"/>
 <row id="156064" sk="takeover%1:04:02::" locator="01130016" spa_v="" spa_n="" spa_a="divino"/>
 <row id="156633" sk="thorn%1:10:00::" locator="06748679" spa_v="" spa_n="morrena" spa_a=""/>
 <row id="156645" sk="thoughtlessness%1:07:01::" locator="04790597" spa_v="" spa_n="código" spa_a=""/>
 <row id="156923" sk="toast%1:18:00::" locator="10552990" spa_v="" spa_n="similor" spa_a=""/>
 <row id="157114" sk="tortrix%1:05:02::" locator="02263333" spa_v="" spa_n="" spa_a="zigomorfo"/>
 <row id="157221" sk="track%1:04:00::" locator="00435410" spa_v="" spa_n="" spa_a="liso"/>
 <row id="157232" sk="track_record%1:04:01::" locator="00046069" spa_v="" spa_n="" spa_a="progresivo"/>
 <row id="157421" sk="transporter%1:06:02::" locator="04420423" spa_v="" spa_n="cinestesia" spa_a=""/>
 <row id="157539" sk="triad%1:10:00::" locator="06777911" spa_v="" spa_n="termosfera" spa_a=""/>
 <row id="157693" sk="trout%1:13:00::" locator="07688631" spa_v="" spa_n="luchador" spa_a=""/>
 <row id="158223" sk="upkeep%1:04:00::" locator="00263752" spa_v="chamuscarse" spa_n="" spa_a=""/>
 <row id="158599" sk="vested_interest%1:14:00::" locator="07861043" spa_v="" spa_n="genus_bryum" spa_a=""/>
 <row id="159184" sk="watermark%1:10:00::" locator="07171689" spa_v="" spa_n="comulgante" spa_a=""/>
 <row id="159223" sk="wave%1:04:02::" locator="00342505" spa_v="valorar" spa_n="" spa_a=""/>
 <row id="159567" sk="widening%1:04:00::" locator="00403216" spa_v="revivir" spa_n="" spa_a=""/>
 <row id="159899" sk="word%1:10:01::" locator="07128356" spa_v="" spa_n="moreno" spa_a=""/>
 <row id="160486" sk="athabascan%1:18:00::" locator="09509459" spa_v="" spa_n="selagineláceas" spa_a=""/>
 <row id="160487" sk="athabaskan%1:18:00::" locator="09509459" spa_v="" spa_n="selagineláceas" spa_a=""/>
 <row id="160488" sk="athapascan%1:18:00::" locator="09509459" spa_v="" spa_n="selagineláceas" spa_a=""/>
 <row id="160489" sk="athapaskan%1:18:00::" locator="09509459" spa_v="" spa_n="selagineláceas" spa_a=""/>
 <row id="160573" sk="bar%1:04:00::" locator="01063016" spa_v="tumbar" spa_n="" spa_a=""/>
 <row id="160585" sk="barrymore%1:18:01::" locator="10673916" spa_v="" spa_n="cristal_de_cuarzo" spa_a=""/>
 <row id="161211" sk="congress%1:14:02::" locator="08204712" spa_v="" spa_n="genus_sisymbrium" spa_a=""/>
 <row id="161489" sk="disappearance%1:11:00::" locator="07235132" spa_v="" spa_n="subeditor" spa_a=""/>
 <row id="162152" sk="guinea%1:18:00::" locator="09575905" spa_v="" spa_n="coste_de_manipulación" spa_a=""/>
 <row id="162431" sk="humboldt%1:18:00::" locator="10903219" spa_v="" spa_n="anunciación" spa_a=""/>
 <row id="162515" sk="informant%1:18:01::" locator="10624894" spa_v="" spa_n="acero_de_cromo-níquel" spa_a=""/>
 <row id="164284" sk="saipan%1:15:00::" locator="08712755" spa_v="" spa_n="liliales" spa_a=""/>
 <row id="165180" sk="urging%1:04:00::" locator="01199477" spa_v="" spa_n="" spa_a="sofocante"/>
 <row id="165188" sk="utility_man%1:18:00::" locator="10582346" spa_v="" spa_n="yuca" spa_a=""/>
 <row id="165473" sk="witness%1:18:00::" locator="10624894" spa_v="" spa_n="acero_de_cromo-níquel" spa_a=""/>
 <row id="165508" sk="worsted%1:06:00::" locator="04550223" spa_v="" spa_n="reconditez" spa_a=""/>
 <row id="165899" sk="induction%1:04:00::" locator="00234711" spa_v="hacer_añicos" spa_n="" spa_a=""/>
 <row id="165934" sk="induction%1:04:00::" locator="00234711" spa_v="hacer_añicos" spa_n="" spa_a=""/>
</wn_sk>
